title,link,stored
0,300,y
wjoqhz/raith_lounge,/r/AITH/comments/wjoqhz/raith_lounge/,y
11z975v/aita_for_not_wanting_to_have_sex_with_my_partner,/r/AITH/comments/11z975v/aita_for_not_wanting_to_have_sex_with_my_partner/,y
11ud4jv/am_i_the_asshole_for_letting_my_mother_in_laws,/r/AITH/comments/11ud4jv/am_i_the_asshole_for_letting_my_mother_in_laws/,y
11tzav6/aita_or_was_a_i_gaslight_by_coworker_accusing_me,/r/AITH/comments/11tzav6/aita_or_was_a_i_gaslight_by_coworker_accusing_me/,y
11mn8jf/my_older_half_brother,/r/AITH/comments/11mn8jf/my_older_half_brother/,y
11cw4vq/aith_for_not_wanting_to_eat_lunch_my_friend,/r/AITH/comments/11cw4vq/aith_for_not_wanting_to_eat_lunch_my_friend/,y
119lha3/aita_for_feeling_like_my_bf_was_distant_on_his,/r/AITH/comments/119lha3/aita_for_feeling_like_my_bf_was_distant_on_his/,y
112ffx9/am_i_the_a_hole_for_being_mad_over_my_life,/r/AITH/comments/112ffx9/am_i_the_a_hole_for_being_mad_over_my_life/,y
1113sm3/am_i_the_ahole_for_telling_my_family_that_reboots,/r/AITH/comments/1113sm3/am_i_the_ahole_for_telling_my_family_that_reboots/,y
1107i4s/i_made_out_with_my_friend_and_apparently_my_other,/r/AITH/comments/1107i4s/i_made_out_with_my_friend_and_apparently_my_other/,y
10yobyo/wibta_if_i_locked_up_all_of_my_kitchen_items,/r/AITH/comments/10yobyo/wibta_if_i_locked_up_all_of_my_kitchen_items/,y
10yb3td/aitah_for_removing_my_classmates_name_on_a_paper,/r/AITH/comments/10yb3td/aitah_for_removing_my_classmates_name_on_a_paper/,y
10pfndg/aitah_for_being_upset_that_my_sil_invited_by_best,/r/AITH/comments/10pfndg/aitah_for_being_upset_that_my_sil_invited_by_best/,y
10fvxq0/kubota_tractor_corporate_office_and_brain_injury,/r/AITH/comments/10fvxq0/kubota_tractor_corporate_office_and_brain_injury/,y
1091sde/am_i_the_ahole,/r/AITH/comments/1091sde/am_i_the_ahole/,y
108080h/aita_for_breaking_up_over_an_earring,/r/AITH/comments/108080h/aita_for_breaking_up_over_an_earring/,y
10805vx/aith_for_breaking_up_over_an_earring,/r/AITH/comments/10805vx/aith_for_breaking_up_over_an_earring/,y
1074p73/aith_for_not_letting_our_stepsibilings_come_watch,/r/AITH/comments/1074p73/aith_for_not_letting_our_stepsibilings_come_watch/,y
zusu7w/am_i_the_asshole,/r/AITH/comments/zusu7w/am_i_the_asshole/,y
zufw92/aitah_for_asking_roommates_to_help_clean_more,/r/AITH/comments/zufw92/aitah_for_asking_roommates_to_help_clean_more/,y
zlfcks/my_gf_hates_my_dog,/r/AITH/comments/zlfcks/my_gf_hates_my_dog/,y
zdsyb3/aith_for_getting_rid_of_others_items,/r/AITH/comments/zdsyb3/aith_for_getting_rid_of_others_items/,y
zcioqi/aith_for_not_wanting_my_husband_to_go_to_a,/r/AITH/comments/zcioqi/aith_for_not_wanting_my_husband_to_go_to_a/,y
z9okzu/aith_for_getting_mad_at_my_cousin_asking_for,/r/AITH/comments/z9okzu/aith_for_getting_mad_at_my_cousin_asking_for/,y
z5ed8b/aith_in_this_relationship,/r/AITH/comments/z5ed8b/aith_in_this_relationship/,y
z0e6uk/aita_for_not_sitting_with_my_friend,/r/AITH/comments/z0e6uk/aita_for_not_sitting_with_my_friend/,y
z0imqu/aita_for_refusing_to_go_with_my_dad,/r/AITH/comments/z0imqu/aita_for_refusing_to_go_with_my_dad/,y
yw8fir/aith_for_leaving_my_best_friend_after_she_told_me,/r/AITH/comments/yw8fir/aith_for_leaving_my_best_friend_after_she_told_me/,y
yiqejk/aita_for_ruining_my_cousins_birthday_not_my_story,/r/AITH/comments/yiqejk/aita_for_ruining_my_cousins_birthday_not_my_story/,y
y4eym8/i_killed_my_grandmothers_dog,/r/AITH/comments/y4eym8/i_killed_my_grandmothers_dog/,y
x5geci/aita_for_canceling_dinner_and_going_home_over,/r/AITH/comments/x5geci/aita_for_canceling_dinner_and_going_home_over/,y
x5jiwu/unappreciated_and_not_respected,/r/AITH/comments/x5jiwu/unappreciated_and_not_respected/,y
x5fvqm/am_i_the_asshole_for_telling_a_girl_how_i_really,/r/AITH/comments/x5fvqm/am_i_the_asshole_for_telling_a_girl_how_i_really/,y
wjor9q/aith_after_texting_my_ex_after_a_year_even_though,/r/AITH/comments/wjor9q/aith_after_texting_my_ex_after_a_year_even_though/,y
