comment,response
"[140&&GreamDesu&&POST=Ð’Ð¾ÐµÐ½Ð½Ð¾Ð¹ ÑÐ¸Ñ‚ÑƒÐ°Ñ†Ð¸Ð¸ Ð¼ÐµÐ³Ð°Ñ‚Ñ€ÐµÐ´ #14] Ð¡Ð¾Ð·Ð´Ð°Ð» *Ð½Ð¾Ð¼ÐµÑ€Ð¿Ð¾ÑÑ‚Ð°* Ð¿Ð¾ÑÑ‚, Ð¸Ð±Ð¾ Ð¿Ñ€ÐµÑ€Ñ‹Ð´ÑƒÑ‰Ð¸Ð¹ ÑƒÑˆÐµÐ» Ð·Ð° 4Ðº ÑÐ¾Ð¾Ð±Ñ‰ÐµÐ½Ð¸Ð¹ Ð¸ Ð¼Ð¾Ð¶ÐµÑ‚ Ð»Ð°Ð³Ð°Ñ‚ÑŒ Ð’ ÑÐ²ÐµÑ‚Ðµ Ñ‚ÐµÐºÑƒÑ‰Ð¸Ñ… ÑÐ¾Ð±Ñ‹Ñ‚Ð¸Ð¹ ÑÐ¾Ð·Ð´Ð°ÑŽ Ð¾Ð´Ð¸Ð½ Ð¾Ð±Ñ‰Ð¸Ð¹ Ð¿Ð¾ÑÑ‚, Ð² ÐºÐ¾Ñ‚Ð¾Ñ€Ð¾Ð¼ Ð¼Ð¾Ð¶Ð½Ð¾ Ð±ÑƒÐ´ÐµÑ‚ Ð¾Ð±ÑÑƒÐ´Ð¸Ñ‚ÑŒ Ñ‚ÐµÐºÑƒÑ‰ÑƒÑŽ ÑÐ¸Ñ‚ÑƒÐ°Ñ†Ð¸ÑŽ Ñ Ð£ÐºÑ€Ð°Ð¸Ð½Ð¾Ð¹ Ð¸ Ð Ð¾ÑÑÐ¸ÐµÐ¹, Ð° Ñ‚Ð°Ðº Ð¶Ðµ Ð¿Ð¾Ð´ÐµÐ»Ð¸Ñ‚ÑÑ ÑÐ²Ð¾ÐµÐ¹ Ð¸Ð½Ñ„Ð¾Ð¹. Ð’ÑÐµ Ð¾ÑÑ‚Ð°Ð»ÑŒÐ½Ñ‹Ðµ Ð¿Ð¾ÑÑ‚Ñ‹ Ð½Ð° ÑÑ‚Ñƒ Ñ‚ÐµÐ¼Ð°Ñ‚Ð¸ÐºÑƒ Ð±ÑƒÐ´ÑƒÑ‚ ÑƒÐ´Ð°Ð»ÑÑ‚ÑŒÑÑ, Ð½Ð°Ð¼ Ð¿Ð¾Ð»Ð¸Ñ‚Ð¸ÐºÐ° Ð½Ð° ÑÐ°Ð±Ðµ Ð½Ðµ Ð½ÑƒÐ¶Ð½Ð°. ÐŸÐ¾Ð²Ñ‚Ð¾Ñ€ÑÑŽ, Ð¾Ð±ÑÑƒÐ¶Ð´Ð°Ñ‚ÑŒ ÑÑ‚Ð¾ Ð¼Ð¾Ð¶Ð½Ð¾ Ð¢ÐžÐ›Ð¬ÐšÐž Ð² ÑÑ‚Ð¾Ð¼ Ð¿Ð¾ÑÑ‚Ðµ Ð¸ ÑÐ¾Ð·Ð´Ð°Ð½ Ð¾Ð½, Ñ‡Ñ‚Ð¾Ð±Ñ‹ Ð»ÑŽÐ´Ð¸ Ð½Ðµ Ñ€Ð°Ð·Ð²Ð¾Ð´Ð¸Ð»Ð¸ ÑÑ‚Ð¾ Ð²ÑÐµ Ð½Ð° Ð¾ÑÑ‚Ð°Ð»ÑŒÐ½Ð¾Ð¼ ÑÐ°Ð±Ðµ. Ð¥Ð¾Ñ‡Ñƒ Ð½Ð°Ð¿Ð¾Ð¼Ð½Ð¸Ñ‚ÑŒ Ð²Ð°Ð¼, Ñ‡Ñ‚Ð¾ Ð½ÐµÑÐ¼Ð¾Ñ‚Ñ€Ñ Ð½Ð° Ñ‚Ð¾, Ñ‡Ñ‚Ð¾ Ð½Ð° Ð´Ð°Ð½Ð½Ñ‹Ð¹ Ñ‚Ñ€ÐµÐ´ Ð½Ðµ Ñ€Ð°ÑÐ¿Ñ€Ð¾ÑÑ‚Ñ€Ð°Ð½ÑÐµÑ‚ÑÑ Ð¿Ñ€Ð°Ð²Ð¸Ð»Ð¾ Ð¾ Ð¿Ð¾Ð»Ð¸Ñ‚Ð¸ÐºÐµ, Ð²ÑÐµ Ð¾ÑÑ‚Ð°Ð»ÑŒÐ½Ñ‹Ðµ Ð¿Ñ€Ð°Ð²Ð¸Ð»Ð° Ð² Ð½ÐµÐ¼ Ð´ÐµÐ¹ÑÑ‚Ð²ÑƒÑŽÑ‚. Ð¡Ñ‚Ð°Ñ€Ð°Ð¹Ñ‚ÐµÑÑŒ Ð²ÐµÑÑ‚Ð¸ ÐºÐ¾Ñ€Ñ€ÐµÐºÑ‚Ð½Ñ‹Ð¹ Ð´Ð¸Ð°Ð»Ð¾Ð³ Ð¸ ÑƒÐ²Ð°Ð¶Ð°Ñ‚ÑŒ ÑÐ¾Ð±ÐµÑÐµÐ´Ð½Ð¸ÐºÐ°. Ð˜ Ð±ÐµÐ· ÑÑ€Ð°Ñ‡ÐµÐ¹ ÑÐµÐ¹Ñ‡Ð°Ñ Ð² Ð¼Ð¸Ñ€Ðµ Ñ…Ð²Ð°Ñ‚Ð°ÐµÑ‚ Ð½ÐµÐ³Ð°Ñ‚Ð¸Ð²Ð°. Ð¢Ð°Ðº Ð¶Ðµ Ð¿Ð¾Ð´Ð¿Ð¸ÑÑ‹Ð²Ð°Ð¹Ñ‚ÐµÑÑŒ Ð½Ð° Ð½Ð°Ñˆ Ñ‚ÐµÐ»ÐµÐ³Ñ€Ð°Ð¼ ÐºÐ°Ð½Ð°Ð»: https://t.me/rekabufeed Ð¡Ñ€Ð°Ð·Ñƒ Ð¾Ð³Ð¾Ð²Ð¾Ñ€ÑŽÑÑŒ, Ñ‡Ñ‚Ð¾ Ð½ÐµÑÐ¼Ð¾Ñ‚Ñ€Ñ Ð½Ð° Ñ‚Ð¾, Ñ‡Ñ‚Ð¾ Ñ Ð¿Ð¾ÑÑ‚Ð°Ð²Ð¸Ð» Ð·Ð°Ñ‰Ð¸Ñ‚Ñƒ Ð¾Ñ‚ Ð½Ð°Ð±ÐµÐ³Ð¾Ð²/Ð±Ð¾Ñ‚Ð¾Ð²/Ð½Ð¾Ð²Ð¾Ñ€ÐµÐ³Ð¾Ð² Ð¸.Ñ‚.Ð´. Ð½Ð° Ð²Ñ€ÐµÐ¼Ñ - Ð¾Ð½Ð¸ Ð²ÑÐµ Ñ€Ð°Ð²Ð½Ð¾ Ð»ÐµÐ·ÑƒÑ‚ Ð¾Ñ‚Ð¾Ð²ÑÑŽÐ´Ñƒ. Ð£Ð´Ð°Ð»ÑÑ‚ÑŒ ÐºÐ¾Ð¼Ð¼ÐµÐ½Ñ‚Ð°Ñ€Ð¸Ð¸ Ð² ÑÑ‚Ð¾Ð¼ Ñ‚Ñ€ÐµÐ´Ðµ, ÐµÑÐ»Ð¸ ÑÑ‚Ð¾ Ð½Ðµ Ð½Ð°Ñ€ÑƒÑˆÐ°ÐµÑ‚ Ð¿Ñ€Ð°Ð²Ð¸Ð» Ñ€ÐµÐ´Ð´Ð¸Ñ‚Ð° Ð¼Ñ‹ Ð½Ðµ Ð±ÑƒÐ´ÐµÐ¼ (ÐµÑÐ»Ð¸ ÐºÐ¾Ð½ÐµÑ‡Ð½Ð¾ ÑÑ‚Ð¾ Ð½Ðµ Ð¾Ñ‡ÐµÐ²Ð¸Ð´Ð½Ñ‹Ð¹ ÑÐ¿Ð°Ð¼), Ð¾Ð´Ð½Ð°ÐºÐ¾ Ð°Ð²Ñ‚Ð¾Ð¼Ð¾Ð´ÐµÑ€Ð°Ñ‚Ð¾Ñ€ Ð¸Ð»Ð¸ ÑÐ°Ð¼ Ñ€ÐµÐ´Ð´Ð¸Ñ‚ Ð¼Ð¾Ð¶ÐµÑ‚. Ð¢Ð°Ðº Ñ‡Ñ‚Ð¾ ÐµÑÐ»Ð¸ Ð²Ð´Ñ€ÑƒÐ³ Ð²Ð°Ñˆ ÐºÐ¾Ð¼Ð¼ÐµÐ½Ñ‚Ð°Ñ€Ð¸Ð¹ ÑƒÐ´Ð°Ð»Ð¸Ð»ÑÑ, Ñ‚Ð¾ Ð²ÐµÑ€Ð¾ÑÑ‚Ð½Ð¾ Ð¾Ð½ ÑÐ¾Ð´ÐµÑ€Ð¶Ð°Ð» ÑÑÑ‹Ð»ÐºÑƒ ÐºÐ¾Ñ‚Ð¾Ñ€ÑƒÑŽ Ñ€ÐµÐ´Ð´Ð¸Ñ‚ Ð½Ðµ Ð¿Ñ€Ð¾Ð¿ÑƒÑÑ‚Ð¸Ð» Ð¸Ð»Ð¸ Ñ‡Ñ‚Ð¾-Ñ‚Ð¾ Ð² ÑÑ‚Ð¾Ð¼ Ð´ÑƒÑ…Ðµ. Ð˜ Ð´Ð°, Ð²Ð±Ñ€Ð¾ÑÑ‹ Ð¸ Ð¿Ñ€Ð¾Ñ‡ÐµÐµ Ñ‚Ð¾Ð¶Ðµ ÑƒÐ´Ð°Ð»ÑÑ‚ÑŒ Ð¸Ð· ÐºÐ¾Ð¼Ð¼ÐµÐ½Ñ‚Ð°Ñ€Ð¸ÐµÐ² Ñ‚ÑƒÑ‚ Ð½Ðµ Ð±ÑƒÐ´ÐµÐ¼, Ð¸Ð±Ð¾ Ð¾Ñ‡ÐµÐ½ÑŒ ÑÐ»Ð¾Ð¶Ð½Ð¾ Ð² ÑÑ‚Ð¾Ð¼ Ð¸Ð½Ñ„Ð¾Ð¿Ð¾Ð»Ðµ Ð¾Ñ‚Ð»Ð¸Ñ‡Ð°Ñ‚ÑŒ Ð¿Ñ€Ð°Ð²Ð´Ñƒ Ð¾Ñ‚ Ð»Ð¶Ð¸. Ð’ ÐºÐ¾Ð½Ñ†Ðµ ÐºÐ¾Ð½Ñ†Ð¾Ð² - Ð´ÑƒÐ¼Ð°Ð¹Ñ‚Ðµ ÑÐ°Ð¼Ð¸ Ñ‡ÐµÐ¼Ñƒ Ð²ÐµÑ€Ð¸Ñ‚ÑŒ, Ð° Ñ‡ÐµÐ¼Ñƒ Ð½ÐµÑ‚.","[-4&&Fenazepanya&& Ð’ Ð¾Ñ‡ÐµÑ€ÐµÐ´Ð½Ð¾Ð¹ Ñ€Ð°Ð· Ð¿Ð¾Ð½ÑÐ»Ð°, Ñ‡Ñ‚Ð¾ Ð²ÑÐµ Ð¿Ñ€Ð¾Ð¿Ð°Ð»Ð¾ Ð¸ Ð¿Ð¾Ñ€Ð° Ð²Ð°Ð»Ð¸Ñ‚ÑŒ, ÐºÐ¾Ð³Ð´Ð° Ð½Ð° Ð¿Ð°Ñ€ÐºÐ¾Ð²ÐºÐµ Ð² Ð´Ð°Ð»ÑŒÐ½ÐµÐ¼ ÐŸÐ¾Ð´Ð¼Ð¾ÑÐºÐ¾Ð²ÑŒÐµ Ð½Ðµ Ð¾ÐºÐ°Ð·Ð°Ð»Ð¾ÑÑŒ Ð¼ÐµÑÑ‚ Ð¸ Ð¼Ð°ÑˆÐ¸Ð½ Ð´ÐµÑˆÐµÐ²Ð»Ðµ Ð´Ð²ÑƒÑ… Ð»ÑÐ¼Ð¾Ð². Ð”Ð¾Ð¶Ð¸Ð²Ð°ÐµÑ‚ Ð½Ð° Ð¿Ð¾ÑÐ»ÐµÐ´Ð½Ð¸Ðµ Ð½Ð°Ñ€Ð¾Ð´, ÑÐ»ÐµÐ·Ñ‹ Ð½Ð°Ð²Ð¾Ñ€Ð°Ñ‡Ð¸Ð²Ð°ÑŽÑ‚ÑÑ ]"
"[140&&GreamDesu&&POST=Ð’Ð¾ÐµÐ½Ð½Ð¾Ð¹ ÑÐ¸Ñ‚ÑƒÐ°Ñ†Ð¸Ð¸ Ð¼ÐµÐ³Ð°Ñ‚Ñ€ÐµÐ´ #14] Ð¡Ð¾Ð·Ð´Ð°Ð» *Ð½Ð¾Ð¼ÐµÑ€Ð¿Ð¾ÑÑ‚Ð°* Ð¿Ð¾ÑÑ‚, Ð¸Ð±Ð¾ Ð¿Ñ€ÐµÑ€Ñ‹Ð´ÑƒÑ‰Ð¸Ð¹ ÑƒÑˆÐµÐ» Ð·Ð° 4Ðº ÑÐ¾Ð¾Ð±Ñ‰ÐµÐ½Ð¸Ð¹ Ð¸ Ð¼Ð¾Ð¶ÐµÑ‚ Ð»Ð°Ð³Ð°Ñ‚ÑŒ Ð’ ÑÐ²ÐµÑ‚Ðµ Ñ‚ÐµÐºÑƒÑ‰Ð¸Ñ… ÑÐ¾Ð±Ñ‹Ñ‚Ð¸Ð¹ ÑÐ¾Ð·Ð´Ð°ÑŽ Ð¾Ð´Ð¸Ð½ Ð¾Ð±Ñ‰Ð¸Ð¹ Ð¿Ð¾ÑÑ‚, Ð² ÐºÐ¾Ñ‚Ð¾Ñ€Ð¾Ð¼ Ð¼Ð¾Ð¶Ð½Ð¾ Ð±ÑƒÐ´ÐµÑ‚ Ð¾Ð±ÑÑƒÐ´Ð¸Ñ‚ÑŒ Ñ‚ÐµÐºÑƒÑ‰ÑƒÑŽ ÑÐ¸Ñ‚ÑƒÐ°Ñ†Ð¸ÑŽ Ñ Ð£ÐºÑ€Ð°Ð¸Ð½Ð¾Ð¹ Ð¸ Ð Ð¾ÑÑÐ¸ÐµÐ¹, Ð° Ñ‚Ð°Ðº Ð¶Ðµ Ð¿Ð¾Ð´ÐµÐ»Ð¸Ñ‚ÑÑ ÑÐ²Ð¾ÐµÐ¹ Ð¸Ð½Ñ„Ð¾Ð¹. Ð’ÑÐµ Ð¾ÑÑ‚Ð°Ð»ÑŒÐ½Ñ‹Ðµ Ð¿Ð¾ÑÑ‚Ñ‹ Ð½Ð° ÑÑ‚Ñƒ Ñ‚ÐµÐ¼Ð°Ñ‚Ð¸ÐºÑƒ Ð±ÑƒÐ´ÑƒÑ‚ ÑƒÐ´Ð°Ð»ÑÑ‚ÑŒÑÑ, Ð½Ð°Ð¼ Ð¿Ð¾Ð»Ð¸Ñ‚Ð¸ÐºÐ° Ð½Ð° ÑÐ°Ð±Ðµ Ð½Ðµ Ð½ÑƒÐ¶Ð½Ð°. ÐŸÐ¾Ð²Ñ‚Ð¾Ñ€ÑÑŽ, Ð¾Ð±ÑÑƒÐ¶Ð´Ð°Ñ‚ÑŒ ÑÑ‚Ð¾ Ð¼Ð¾Ð¶Ð½Ð¾ Ð¢ÐžÐ›Ð¬ÐšÐž Ð² ÑÑ‚Ð¾Ð¼ Ð¿Ð¾ÑÑ‚Ðµ Ð¸ ÑÐ¾Ð·Ð´Ð°Ð½ Ð¾Ð½, Ñ‡Ñ‚Ð¾Ð±Ñ‹ Ð»ÑŽÐ´Ð¸ Ð½Ðµ Ñ€Ð°Ð·Ð²Ð¾Ð´Ð¸Ð»Ð¸ ÑÑ‚Ð¾ Ð²ÑÐµ Ð½Ð° Ð¾ÑÑ‚Ð°Ð»ÑŒÐ½Ð¾Ð¼ ÑÐ°Ð±Ðµ. Ð¥Ð¾Ñ‡Ñƒ Ð½Ð°Ð¿Ð¾Ð¼Ð½Ð¸Ñ‚ÑŒ Ð²Ð°Ð¼, Ñ‡Ñ‚Ð¾ Ð½ÐµÑÐ¼Ð¾Ñ‚Ñ€Ñ Ð½Ð° Ñ‚Ð¾, Ñ‡Ñ‚Ð¾ Ð½Ð° Ð´Ð°Ð½Ð½Ñ‹Ð¹ Ñ‚Ñ€ÐµÐ´ Ð½Ðµ Ñ€Ð°ÑÐ¿Ñ€Ð¾ÑÑ‚Ñ€Ð°Ð½ÑÐµÑ‚ÑÑ Ð¿Ñ€Ð°Ð²Ð¸Ð»Ð¾ Ð¾ Ð¿Ð¾Ð»Ð¸Ñ‚Ð¸ÐºÐµ, Ð²ÑÐµ Ð¾ÑÑ‚Ð°Ð»ÑŒÐ½Ñ‹Ðµ Ð¿Ñ€Ð°Ð²Ð¸Ð»Ð° Ð² Ð½ÐµÐ¼ Ð´ÐµÐ¹ÑÑ‚Ð²ÑƒÑŽÑ‚. Ð¡Ñ‚Ð°Ñ€Ð°Ð¹Ñ‚ÐµÑÑŒ Ð²ÐµÑÑ‚Ð¸ ÐºÐ¾Ñ€Ñ€ÐµÐºÑ‚Ð½Ñ‹Ð¹ Ð´Ð¸Ð°Ð»Ð¾Ð³ Ð¸ ÑƒÐ²Ð°Ð¶Ð°Ñ‚ÑŒ ÑÐ¾Ð±ÐµÑÐµÐ´Ð½Ð¸ÐºÐ°. Ð˜ Ð±ÐµÐ· ÑÑ€Ð°Ñ‡ÐµÐ¹ ÑÐµÐ¹Ñ‡Ð°Ñ Ð² Ð¼Ð¸Ñ€Ðµ Ñ…Ð²Ð°Ñ‚Ð°ÐµÑ‚ Ð½ÐµÐ³Ð°Ñ‚Ð¸Ð²Ð°. Ð¢Ð°Ðº Ð¶Ðµ Ð¿Ð¾Ð´Ð¿Ð¸ÑÑ‹Ð²Ð°Ð¹Ñ‚ÐµÑÑŒ Ð½Ð° Ð½Ð°Ñˆ Ñ‚ÐµÐ»ÐµÐ³Ñ€Ð°Ð¼ ÐºÐ°Ð½Ð°Ð»: https://t.me/rekabufeed Ð¡Ñ€Ð°Ð·Ñƒ Ð¾Ð³Ð¾Ð²Ð¾Ñ€ÑŽÑÑŒ, Ñ‡Ñ‚Ð¾ Ð½ÐµÑÐ¼Ð¾Ñ‚Ñ€Ñ Ð½Ð° Ñ‚Ð¾, Ñ‡Ñ‚Ð¾ Ñ Ð¿Ð¾ÑÑ‚Ð°Ð²Ð¸Ð» Ð·Ð°Ñ‰Ð¸Ñ‚Ñƒ Ð¾Ñ‚ Ð½Ð°Ð±ÐµÐ³Ð¾Ð²/Ð±Ð¾Ñ‚Ð¾Ð²/Ð½Ð¾Ð²Ð¾Ñ€ÐµÐ³Ð¾Ð² Ð¸.Ñ‚.Ð´. Ð½Ð° Ð²Ñ€ÐµÐ¼Ñ - Ð¾Ð½Ð¸ Ð²ÑÐµ Ñ€Ð°Ð²Ð½Ð¾ Ð»ÐµÐ·ÑƒÑ‚ Ð¾Ñ‚Ð¾Ð²ÑÑŽÐ´Ñƒ. Ð£Ð´Ð°Ð»ÑÑ‚ÑŒ ÐºÐ¾Ð¼Ð¼ÐµÐ½Ñ‚Ð°Ñ€Ð¸Ð¸ Ð² ÑÑ‚Ð¾Ð¼ Ñ‚Ñ€ÐµÐ´Ðµ, ÐµÑÐ»Ð¸ ÑÑ‚Ð¾ Ð½Ðµ Ð½Ð°Ñ€ÑƒÑˆÐ°ÐµÑ‚ Ð¿Ñ€Ð°Ð²Ð¸Ð» Ñ€ÐµÐ´Ð´Ð¸Ñ‚Ð° Ð¼Ñ‹ Ð½Ðµ Ð±ÑƒÐ´ÐµÐ¼ (ÐµÑÐ»Ð¸ ÐºÐ¾Ð½ÐµÑ‡Ð½Ð¾ ÑÑ‚Ð¾ Ð½Ðµ Ð¾Ñ‡ÐµÐ²Ð¸Ð´Ð½Ñ‹Ð¹ ÑÐ¿Ð°Ð¼), Ð¾Ð´Ð½Ð°ÐºÐ¾ Ð°Ð²Ñ‚Ð¾Ð¼Ð¾Ð´ÐµÑ€Ð°Ñ‚Ð¾Ñ€ Ð¸Ð»Ð¸ ÑÐ°Ð¼ Ñ€ÐµÐ´Ð´Ð¸Ñ‚ Ð¼Ð¾Ð¶ÐµÑ‚. Ð¢Ð°Ðº Ñ‡Ñ‚Ð¾ ÐµÑÐ»Ð¸ Ð²Ð´Ñ€ÑƒÐ³ Ð²Ð°Ñˆ ÐºÐ¾Ð¼Ð¼ÐµÐ½Ñ‚Ð°Ñ€Ð¸Ð¹ ÑƒÐ´Ð°Ð»Ð¸Ð»ÑÑ, Ñ‚Ð¾ Ð²ÐµÑ€Ð¾ÑÑ‚Ð½Ð¾ Ð¾Ð½ ÑÐ¾Ð´ÐµÑ€Ð¶Ð°Ð» ÑÑÑ‹Ð»ÐºÑƒ ÐºÐ¾Ñ‚Ð¾Ñ€ÑƒÑŽ Ñ€ÐµÐ´Ð´Ð¸Ñ‚ Ð½Ðµ Ð¿Ñ€Ð¾Ð¿ÑƒÑÑ‚Ð¸Ð» Ð¸Ð»Ð¸ Ñ‡Ñ‚Ð¾-Ñ‚Ð¾ Ð² ÑÑ‚Ð¾Ð¼ Ð´ÑƒÑ…Ðµ. Ð˜ Ð´Ð°, Ð²Ð±Ñ€Ð¾ÑÑ‹ Ð¸ Ð¿Ñ€Ð¾Ñ‡ÐµÐµ Ñ‚Ð¾Ð¶Ðµ ÑƒÐ´Ð°Ð»ÑÑ‚ÑŒ Ð¸Ð· ÐºÐ¾Ð¼Ð¼ÐµÐ½Ñ‚Ð°Ñ€Ð¸ÐµÐ² Ñ‚ÑƒÑ‚ Ð½Ðµ Ð±ÑƒÐ´ÐµÐ¼, Ð¸Ð±Ð¾ Ð¾Ñ‡ÐµÐ½ÑŒ ÑÐ»Ð¾Ð¶Ð½Ð¾ Ð² ÑÑ‚Ð¾Ð¼ Ð¸Ð½Ñ„Ð¾Ð¿Ð¾Ð»Ðµ Ð¾Ñ‚Ð»Ð¸Ñ‡Ð°Ñ‚ÑŒ Ð¿Ñ€Ð°Ð²Ð´Ñƒ Ð¾Ñ‚ Ð»Ð¶Ð¸. Ð’ ÐºÐ¾Ð½Ñ†Ðµ ÐºÐ¾Ð½Ñ†Ð¾Ð² - Ð´ÑƒÐ¼Ð°Ð¹Ñ‚Ðµ ÑÐ°Ð¼Ð¸ Ñ‡ÐµÐ¼Ñƒ Ð²ÐµÑ€Ð¸Ñ‚ÑŒ, Ð° Ñ‡ÐµÐ¼Ñƒ Ð½ÐµÑ‚.",[14&&lemantise&& ÐŸÑ€Ð¾Ð´Ð¾Ð»Ð¶Ð°ÐµÐ¼ Ð³Ð¾Ð´ Ð§ÐœÐ¤ ]
"[140&&GreamDesu&&POST=Ð’Ð¾ÐµÐ½Ð½Ð¾Ð¹ ÑÐ¸Ñ‚ÑƒÐ°Ñ†Ð¸Ð¸ Ð¼ÐµÐ³Ð°Ñ‚Ñ€ÐµÐ´ #14] Ð¡Ð¾Ð·Ð´Ð°Ð» *Ð½Ð¾Ð¼ÐµÑ€Ð¿Ð¾ÑÑ‚Ð°* Ð¿Ð¾ÑÑ‚, Ð¸Ð±Ð¾ Ð¿Ñ€ÐµÑ€Ñ‹Ð´ÑƒÑ‰Ð¸Ð¹ ÑƒÑˆÐµÐ» Ð·Ð° 4Ðº ÑÐ¾Ð¾Ð±Ñ‰ÐµÐ½Ð¸Ð¹ Ð¸ Ð¼Ð¾Ð¶ÐµÑ‚ Ð»Ð°Ð³Ð°Ñ‚ÑŒ Ð’ ÑÐ²ÐµÑ‚Ðµ Ñ‚ÐµÐºÑƒÑ‰Ð¸Ñ… ÑÐ¾Ð±Ñ‹Ñ‚Ð¸Ð¹ ÑÐ¾Ð·Ð´Ð°ÑŽ Ð¾Ð´Ð¸Ð½ Ð¾Ð±Ñ‰Ð¸Ð¹ Ð¿Ð¾ÑÑ‚, Ð² ÐºÐ¾Ñ‚Ð¾Ñ€Ð¾Ð¼ Ð¼Ð¾Ð¶Ð½Ð¾ Ð±ÑƒÐ´ÐµÑ‚ Ð¾Ð±ÑÑƒÐ´Ð¸Ñ‚ÑŒ Ñ‚ÐµÐºÑƒÑ‰ÑƒÑŽ ÑÐ¸Ñ‚ÑƒÐ°Ñ†Ð¸ÑŽ Ñ Ð£ÐºÑ€Ð°Ð¸Ð½Ð¾Ð¹ Ð¸ Ð Ð¾ÑÑÐ¸ÐµÐ¹, Ð° Ñ‚Ð°Ðº Ð¶Ðµ Ð¿Ð¾Ð´ÐµÐ»Ð¸Ñ‚ÑÑ ÑÐ²Ð¾ÐµÐ¹ Ð¸Ð½Ñ„Ð¾Ð¹. Ð’ÑÐµ Ð¾ÑÑ‚Ð°Ð»ÑŒÐ½Ñ‹Ðµ Ð¿Ð¾ÑÑ‚Ñ‹ Ð½Ð° ÑÑ‚Ñƒ Ñ‚ÐµÐ¼Ð°Ñ‚Ð¸ÐºÑƒ Ð±ÑƒÐ´ÑƒÑ‚ ÑƒÐ´Ð°Ð»ÑÑ‚ÑŒÑÑ, Ð½Ð°Ð¼ Ð¿Ð¾Ð»Ð¸Ñ‚Ð¸ÐºÐ° Ð½Ð° ÑÐ°Ð±Ðµ Ð½Ðµ Ð½ÑƒÐ¶Ð½Ð°. ÐŸÐ¾Ð²Ñ‚Ð¾Ñ€ÑÑŽ, Ð¾Ð±ÑÑƒÐ¶Ð´Ð°Ñ‚ÑŒ ÑÑ‚Ð¾ Ð¼Ð¾Ð¶Ð½Ð¾ Ð¢ÐžÐ›Ð¬ÐšÐž Ð² ÑÑ‚Ð¾Ð¼ Ð¿Ð¾ÑÑ‚Ðµ Ð¸ ÑÐ¾Ð·Ð´Ð°Ð½ Ð¾Ð½, Ñ‡Ñ‚Ð¾Ð±Ñ‹ Ð»ÑŽÐ´Ð¸ Ð½Ðµ Ñ€Ð°Ð·Ð²Ð¾Ð´Ð¸Ð»Ð¸ ÑÑ‚Ð¾ Ð²ÑÐµ Ð½Ð° Ð¾ÑÑ‚Ð°Ð»ÑŒÐ½Ð¾Ð¼ ÑÐ°Ð±Ðµ. Ð¥Ð¾Ñ‡Ñƒ Ð½Ð°Ð¿Ð¾Ð¼Ð½Ð¸Ñ‚ÑŒ Ð²Ð°Ð¼, Ñ‡Ñ‚Ð¾ Ð½ÐµÑÐ¼Ð¾Ñ‚Ñ€Ñ Ð½Ð° Ñ‚Ð¾, Ñ‡Ñ‚Ð¾ Ð½Ð° Ð´Ð°Ð½Ð½Ñ‹Ð¹ Ñ‚Ñ€ÐµÐ´ Ð½Ðµ Ñ€Ð°ÑÐ¿Ñ€Ð¾ÑÑ‚Ñ€Ð°Ð½ÑÐµÑ‚ÑÑ Ð¿Ñ€Ð°Ð²Ð¸Ð»Ð¾ Ð¾ Ð¿Ð¾Ð»Ð¸Ñ‚Ð¸ÐºÐµ, Ð²ÑÐµ Ð¾ÑÑ‚Ð°Ð»ÑŒÐ½Ñ‹Ðµ Ð¿Ñ€Ð°Ð²Ð¸Ð»Ð° Ð² Ð½ÐµÐ¼ Ð´ÐµÐ¹ÑÑ‚Ð²ÑƒÑŽÑ‚. Ð¡Ñ‚Ð°Ñ€Ð°Ð¹Ñ‚ÐµÑÑŒ Ð²ÐµÑÑ‚Ð¸ ÐºÐ¾Ñ€Ñ€ÐµÐºÑ‚Ð½Ñ‹Ð¹ Ð´Ð¸Ð°Ð»Ð¾Ð³ Ð¸ ÑƒÐ²Ð°Ð¶Ð°Ñ‚ÑŒ ÑÐ¾Ð±ÐµÑÐµÐ´Ð½Ð¸ÐºÐ°. Ð˜ Ð±ÐµÐ· ÑÑ€Ð°Ñ‡ÐµÐ¹ ÑÐµÐ¹Ñ‡Ð°Ñ Ð² Ð¼Ð¸Ñ€Ðµ Ñ…Ð²Ð°Ñ‚Ð°ÐµÑ‚ Ð½ÐµÐ³Ð°Ñ‚Ð¸Ð²Ð°. Ð¢Ð°Ðº Ð¶Ðµ Ð¿Ð¾Ð´Ð¿Ð¸ÑÑ‹Ð²Ð°Ð¹Ñ‚ÐµÑÑŒ Ð½Ð° Ð½Ð°Ñˆ Ñ‚ÐµÐ»ÐµÐ³Ñ€Ð°Ð¼ ÐºÐ°Ð½Ð°Ð»: https://t.me/rekabufeed Ð¡Ñ€Ð°Ð·Ñƒ Ð¾Ð³Ð¾Ð²Ð¾Ñ€ÑŽÑÑŒ, Ñ‡Ñ‚Ð¾ Ð½ÐµÑÐ¼Ð¾Ñ‚Ñ€Ñ Ð½Ð° Ñ‚Ð¾, Ñ‡Ñ‚Ð¾ Ñ Ð¿Ð¾ÑÑ‚Ð°Ð²Ð¸Ð» Ð·Ð°Ñ‰Ð¸Ñ‚Ñƒ Ð¾Ñ‚ Ð½Ð°Ð±ÐµÐ³Ð¾Ð²/Ð±Ð¾Ñ‚Ð¾Ð²/Ð½Ð¾Ð²Ð¾Ñ€ÐµÐ³Ð¾Ð² Ð¸.Ñ‚.Ð´. Ð½Ð° Ð²Ñ€ÐµÐ¼Ñ - Ð¾Ð½Ð¸ Ð²ÑÐµ Ñ€Ð°Ð²Ð½Ð¾ Ð»ÐµÐ·ÑƒÑ‚ Ð¾Ñ‚Ð¾Ð²ÑÑŽÐ´Ñƒ. Ð£Ð´Ð°Ð»ÑÑ‚ÑŒ ÐºÐ¾Ð¼Ð¼ÐµÐ½Ñ‚Ð°Ñ€Ð¸Ð¸ Ð² ÑÑ‚Ð¾Ð¼ Ñ‚Ñ€ÐµÐ´Ðµ, ÐµÑÐ»Ð¸ ÑÑ‚Ð¾ Ð½Ðµ Ð½Ð°Ñ€ÑƒÑˆÐ°ÐµÑ‚ Ð¿Ñ€Ð°Ð²Ð¸Ð» Ñ€ÐµÐ´Ð´Ð¸Ñ‚Ð° Ð¼Ñ‹ Ð½Ðµ Ð±ÑƒÐ´ÐµÐ¼ (ÐµÑÐ»Ð¸ ÐºÐ¾Ð½ÐµÑ‡Ð½Ð¾ ÑÑ‚Ð¾ Ð½Ðµ Ð¾Ñ‡ÐµÐ²Ð¸Ð´Ð½Ñ‹Ð¹ ÑÐ¿Ð°Ð¼), Ð¾Ð´Ð½Ð°ÐºÐ¾ Ð°Ð²Ñ‚Ð¾Ð¼Ð¾Ð´ÐµÑ€Ð°Ñ‚Ð¾Ñ€ Ð¸Ð»Ð¸ ÑÐ°Ð¼ Ñ€ÐµÐ´Ð´Ð¸Ñ‚ Ð¼Ð¾Ð¶ÐµÑ‚. Ð¢Ð°Ðº Ñ‡Ñ‚Ð¾ ÐµÑÐ»Ð¸ Ð²Ð´Ñ€ÑƒÐ³ Ð²Ð°Ñˆ ÐºÐ¾Ð¼Ð¼ÐµÐ½Ñ‚Ð°Ñ€Ð¸Ð¹ ÑƒÐ´Ð°Ð»Ð¸Ð»ÑÑ, Ñ‚Ð¾ Ð²ÐµÑ€Ð¾ÑÑ‚Ð½Ð¾ Ð¾Ð½ ÑÐ¾Ð´ÐµÑ€Ð¶Ð°Ð» ÑÑÑ‹Ð»ÐºÑƒ ÐºÐ¾Ñ‚Ð¾Ñ€ÑƒÑŽ Ñ€ÐµÐ´Ð´Ð¸Ñ‚ Ð½Ðµ Ð¿Ñ€Ð¾Ð¿ÑƒÑÑ‚Ð¸Ð» Ð¸Ð»Ð¸ Ñ‡Ñ‚Ð¾-Ñ‚Ð¾ Ð² ÑÑ‚Ð¾Ð¼ Ð´ÑƒÑ…Ðµ. Ð˜ Ð´Ð°, Ð²Ð±Ñ€Ð¾ÑÑ‹ Ð¸ Ð¿Ñ€Ð¾Ñ‡ÐµÐµ Ñ‚Ð¾Ð¶Ðµ ÑƒÐ´Ð°Ð»ÑÑ‚ÑŒ Ð¸Ð· ÐºÐ¾Ð¼Ð¼ÐµÐ½Ñ‚Ð°Ñ€Ð¸ÐµÐ² Ñ‚ÑƒÑ‚ Ð½Ðµ Ð±ÑƒÐ´ÐµÐ¼, Ð¸Ð±Ð¾ Ð¾Ñ‡ÐµÐ½ÑŒ ÑÐ»Ð¾Ð¶Ð½Ð¾ Ð² ÑÑ‚Ð¾Ð¼ Ð¸Ð½Ñ„Ð¾Ð¿Ð¾Ð»Ðµ Ð¾Ñ‚Ð»Ð¸Ñ‡Ð°Ñ‚ÑŒ Ð¿Ñ€Ð°Ð²Ð´Ñƒ Ð¾Ñ‚ Ð»Ð¶Ð¸. Ð’ ÐºÐ¾Ð½Ñ†Ðµ ÐºÐ¾Ð½Ñ†Ð¾Ð² - Ð´ÑƒÐ¼Ð°Ð¹Ñ‚Ðµ ÑÐ°Ð¼Ð¸ Ñ‡ÐµÐ¼Ñƒ Ð²ÐµÑ€Ð¸Ñ‚ÑŒ, Ð° Ñ‡ÐµÐ¼Ñƒ Ð½ÐµÑ‚.","[-22&&nikodim73&& ÐŸÐ¾Ñ‡ÐµÐ¼Ñƒ Ð² ÑÑ‚Ð¾Ð¼ Ñ‚Ñ€ÐµÐ´Ðµ ÑƒÐ³Ð¾Ð²Ð°Ñ€Ð¸Ð²Ð°ÑŽÑ‚ Ð½Ðµ Ñ…Ð¾Ð´Ð¸Ñ‚ÑŒ Ð½Ð° Ð²Ð¾Ð¹Ð½Ñƒ Ñ€Ð¾ÑÑÐ¸ÑÐ½, Ð¿Ñ€Ð¸ ÑÑ‚Ð¾Ð¼ ÑÑ‚Ð°Ñ€Ð°ÑŽÑ‚ÑÑ Ð²Ñ‹Ð¿Ð¸Ñ…Ð½ÑƒÑ‚ÑŒ Ð½Ð° Ð²ÐµÑ€Ð½ÑƒÑŽ ÑÐ¼ÐµÑ€Ñ‚ÑŒ Ð¿Ð¾Ð±Ð¾Ð»ÑŒÑˆÐµ ÑƒÐºÑ€Ð°Ð¸Ð½Ñ†ÐµÐ²? ÐÐ° Ñ‡ÑŒÐµÐ¹ Ð’Ñ‹ ÑÑ‚Ð¾Ñ€Ð¾Ð½Ðµ? ]"
"Ð’ Ð¾Ñ‡ÐµÑ€ÐµÐ´Ð½Ð¾Ð¹ Ñ€Ð°Ð· Ð¿Ð¾Ð½ÑÐ»Ð°, Ñ‡Ñ‚Ð¾ Ð²ÑÐµ Ð¿Ñ€Ð¾Ð¿Ð°Ð»Ð¾ Ð¸ Ð¿Ð¾Ñ€Ð° Ð²Ð°Ð»Ð¸Ñ‚ÑŒ, ÐºÐ¾Ð³Ð´Ð° Ð½Ð° Ð¿Ð°Ñ€ÐºÐ¾Ð²ÐºÐµ Ð² Ð´Ð°Ð»ÑŒÐ½ÐµÐ¼ ÐŸÐ¾Ð´Ð¼Ð¾ÑÐºÐ¾Ð²ÑŒÐµ Ð½Ðµ Ð¾ÐºÐ°Ð·Ð°Ð»Ð¾ÑÑŒ Ð¼ÐµÑÑ‚ Ð¸ Ð¼Ð°ÑˆÐ¸Ð½ Ð´ÐµÑˆÐµÐ²Ð»Ðµ Ð´Ð²ÑƒÑ… Ð»ÑÐ¼Ð¾Ð². Ð”Ð¾Ð¶Ð¸Ð²Ð°ÐµÑ‚ Ð½Ð° Ð¿Ð¾ÑÐ»ÐµÐ´Ð½Ð¸Ðµ Ð½Ð°Ñ€Ð¾Ð´, ÑÐ»ÐµÐ·Ñ‹ Ð½Ð°Ð²Ð¾Ñ€Ð°Ñ‡Ð¸Ð²Ð°ÑŽÑ‚ÑÑ",[1&&Zhelezjaka&& ÑÐ¼...Ð° Ñ‡Ñ‚Ð¾ Ð¼Ð¾Ð¶Ð½Ð¾ ÐºÑƒÐ¿Ð¸Ñ‚ÑŒ Ð½Ð¾Ð²Ð¾Ð³Ð¾ Ð½Ð° 20 ÐºÐ¸Ð»Ð¾Ð±Ð°ÐºÑÐ¾Ð²? Ñ‡Ñ‚Ð¾ Ð·Ð° Ð´Ð¸Ð²Ð½Ñ‹Ðµ ÑÐ°Ð¼Ð¾Ð´Ð²Ð¸Ð¶ÑƒÑ‰Ð¸ÐµÑÑ Ð¿Ð¾Ð²Ð¾Ð·ÐºÐ¸? ]
"Ð’ Ð¾Ñ‡ÐµÑ€ÐµÐ´Ð½Ð¾Ð¹ Ñ€Ð°Ð· Ð¿Ð¾Ð½ÑÐ»Ð°, Ñ‡Ñ‚Ð¾ Ð²ÑÐµ Ð¿Ñ€Ð¾Ð¿Ð°Ð»Ð¾ Ð¸ Ð¿Ð¾Ñ€Ð° Ð²Ð°Ð»Ð¸Ñ‚ÑŒ, ÐºÐ¾Ð³Ð´Ð° Ð½Ð° Ð¿Ð°Ñ€ÐºÐ¾Ð²ÐºÐµ Ð² Ð´Ð°Ð»ÑŒÐ½ÐµÐ¼ ÐŸÐ¾Ð´Ð¼Ð¾ÑÐºÐ¾Ð²ÑŒÐµ Ð½Ðµ Ð¾ÐºÐ°Ð·Ð°Ð»Ð¾ÑÑŒ Ð¼ÐµÑÑ‚ Ð¸ Ð¼Ð°ÑˆÐ¸Ð½ Ð´ÐµÑˆÐµÐ²Ð»Ðµ Ð´Ð²ÑƒÑ… Ð»ÑÐ¼Ð¾Ð². Ð”Ð¾Ð¶Ð¸Ð²Ð°ÐµÑ‚ Ð½Ð° Ð¿Ð¾ÑÐ»ÐµÐ´Ð½Ð¸Ðµ Ð½Ð°Ñ€Ð¾Ð´, ÑÐ»ÐµÐ·Ñ‹ Ð½Ð°Ð²Ð¾Ñ€Ð°Ñ‡Ð¸Ð²Ð°ÑŽÑ‚ÑÑ",[2&&Bublik333&& ]
"Ð’ Ð¾Ñ‡ÐµÑ€ÐµÐ´Ð½Ð¾Ð¹ Ñ€Ð°Ð· Ð¿Ð¾Ð½ÑÐ»Ð°, Ñ‡Ñ‚Ð¾ Ð²ÑÐµ Ð¿Ñ€Ð¾Ð¿Ð°Ð»Ð¾ Ð¸ Ð¿Ð¾Ñ€Ð° Ð²Ð°Ð»Ð¸Ñ‚ÑŒ, ÐºÐ¾Ð³Ð´Ð° Ð½Ð° Ð¿Ð°Ñ€ÐºÐ¾Ð²ÐºÐµ Ð² Ð´Ð°Ð»ÑŒÐ½ÐµÐ¼ ÐŸÐ¾Ð´Ð¼Ð¾ÑÐºÐ¾Ð²ÑŒÐµ Ð½Ðµ Ð¾ÐºÐ°Ð·Ð°Ð»Ð¾ÑÑŒ Ð¼ÐµÑÑ‚ Ð¸ Ð¼Ð°ÑˆÐ¸Ð½ Ð´ÐµÑˆÐµÐ²Ð»Ðµ Ð´Ð²ÑƒÑ… Ð»ÑÐ¼Ð¾Ð². Ð”Ð¾Ð¶Ð¸Ð²Ð°ÐµÑ‚ Ð½Ð° Ð¿Ð¾ÑÐ»ÐµÐ´Ð½Ð¸Ðµ Ð½Ð°Ñ€Ð¾Ð´, ÑÐ»ÐµÐ·Ñ‹ Ð½Ð°Ð²Ð¾Ñ€Ð°Ñ‡Ð¸Ð²Ð°ÑŽÑ‚ÑÑ",[-2&&inkscapefrom&& ÐžÑ… ÑÑ‡Ð° Ð½Ð°ÐºÐ¸Ð´Ð°ÑŽÑ‚â€¦ Ð´ÐµÑ€Ð¶Ð¸ Ð¿Ð°Ð½Ð°Ð¼ÐºÑƒ ÐºÑ€ÐµÐ¿Ñ‡Ðµ) ]
ÐžÑ… ÑÑ‡Ð° Ð½Ð°ÐºÐ¸Ð´Ð°ÑŽÑ‚â€¦ Ð´ÐµÑ€Ð¶Ð¸ Ð¿Ð°Ð½Ð°Ð¼ÐºÑƒ ÐºÑ€ÐµÐ¿Ñ‡Ðµ),"[-2&&Fenazepanya&& Ð¯ Ð¿Ð¸Ð¾Ð½ÐµÑ€-ÐºÐ¾Ð¼Ð¼ÑƒÐ½Ð¸ÑÑ‚, Ð²ÑÐµÐ³Ð´Ð° Ð½Ð° ÑÑ‚Ñ€ÐµÐ¼Ðµ ðŸ¤£ ]"
ÐŸÑ€Ð¾Ð´Ð¾Ð»Ð¶Ð°ÐµÐ¼ Ð³Ð¾Ð´ Ð§ÐœÐ¤,"[7&&vasimv&& Ð›ÑŽÐ±Ð¾Ð¿Ñ‹Ñ‚Ð½Ð¾, Ñ‡Ñ‚Ð¾ Ñ€Ð¾ÑÑÐ¸Ð¹ÑÐºÐ¸Ðµ Ð¡ÐœÐ˜ Ð² ÑÑ‚Ð¾Ñ‚ Ñ€Ð°Ð· Ð½Ðµ Ð¸ÑÐ¿Ð¾Ð»ÑŒÐ·ÑƒÑŽÑ‚ ÑÐ»Ð¾Ð²Ð¾ ""Ñ‚ÐµÑ€Ñ€Ð¾Ñ€Ð¸ÑÑ‚Ð¸Ñ‡ÐµÑÐºÐ°Ñ"", ÐºÐ¾Ð³Ð´Ð° Ð¿Ð¸ÑˆÑƒÑ‚ Ð¿Ñ€Ð¾ ÑÑ‚Ñƒ Ð°Ñ‚Ð°ÐºÑƒ, Ñ…Ð¾Ñ‚Ñ Ñ€Ð°Ð½ÑŒÑˆÐµ Ð²ÑÐµÐ³Ð´Ð°. ]"
ÐŸÑ€Ð¾Ð´Ð¾Ð»Ð¶Ð°ÐµÐ¼ Ð³Ð¾Ð´ Ð§ÐœÐ¤,"[8&&Bublik333&& Ð’ÑÑ‘ Ð½Ð¾Ñ€Ð¼Ð°Ð»ÑŒÐ½Ð¾, ÑˆÑ‚Ð°Ð± Ñ‡Ð¼Ñ„ Ð¾Ñ‚Ð±Ð¸Ð» Ñ€Ð°ÐºÐµÑ‚Ñ‹. ]"
ÐŸÑ€Ð¾Ð´Ð¾Ð»Ð¶Ð°ÐµÐ¼ Ð³Ð¾Ð´ Ð§ÐœÐ¤,"[11&&Gamersfan95&& ÐœÐ°ÐºÑÐ¸Ð¼Ð°Ð»ÑŒÐ½Ð¾ ÐºÑ€Ð°ÑÐ¸Ð²Ð¾, Ð³Ð¾Ð²Ð¾Ñ€ÑÑ‚ Ñƒ Ð³Ñ€Ð°Ð¶Ð´Ð°Ð½ÑÐºÐ¸Ñ… Ð¾Ð±ÑŠÐµÐºÑ‚Ð¾Ð² Ñ€ÑÐ´Ð¾Ð¼ Ð´Ð°Ð¶Ðµ ÑÑ‚ÐµÐºÐ»Ð° Ð½Ð° Ð¼ÐµÑÑ‚Ð°Ñ… Ð¾ÑÑ‚Ð°Ð»Ð¸ÑÑŒ) ]"
"Ð›ÑŽÐ±Ð¾Ð¿Ñ‹Ñ‚Ð½Ð¾, Ñ‡Ñ‚Ð¾ Ñ€Ð¾ÑÑÐ¸Ð¹ÑÐºÐ¸Ðµ Ð¡ÐœÐ˜ Ð² ÑÑ‚Ð¾Ñ‚ Ñ€Ð°Ð· Ð½Ðµ Ð¸ÑÐ¿Ð¾Ð»ÑŒÐ·ÑƒÑŽÑ‚ ÑÐ»Ð¾Ð²Ð¾ ""Ñ‚ÐµÑ€Ñ€Ð¾Ñ€Ð¸ÑÑ‚Ð¸Ñ‡ÐµÑÐºÐ°Ñ"", ÐºÐ¾Ð³Ð´Ð° Ð¿Ð¸ÑˆÑƒÑ‚ Ð¿Ñ€Ð¾ ÑÑ‚Ñƒ Ð°Ñ‚Ð°ÐºÑƒ, Ñ…Ð¾Ñ‚Ñ Ñ€Ð°Ð½ÑŒÑˆÐµ Ð²ÑÐµÐ³Ð´Ð°.","[8&&lemantise&& Ð¤Ð»Ð°Ð³Ð¼Ð°Ð½Ð° Ð½ÐµÑ‚, ÑˆÑ‚Ð°Ð±Ð° Ð½ÐµÑ‚. Ð§Ñ‘ ÑƒÐ¶Ðµ Ð±ÑƒÑ…Ñ‚ÐµÑ‚ÑŒ... ]"
"Ð¤Ð»Ð°Ð³Ð¼Ð°Ð½Ð° Ð½ÐµÑ‚, ÑˆÑ‚Ð°Ð±Ð° Ð½ÐµÑ‚. Ð§Ñ‘ ÑƒÐ¶Ðµ Ð±ÑƒÑ…Ñ‚ÐµÑ‚ÑŒ...","[5&&Zhelezjaka&& Ð³Ð¾Ð²Ð¾Ñ€ÑÑ‚, Ñ‡Ñ‚Ð¾ Ð¸ ÐºÐ¾Ð¼Ð°Ð½Ð´ÑƒÑŽÑ‰ÐµÐ³Ð¾ Ñ„Ð»Ð¾Ñ‚Ð¾Ð¼ ÑƒÐ¶Ðµ Ð½ÐµÑ‚. ""Ð‘Ð°Ð½Ð´ÐµÑ€Ð¾Ð²Ñ†Ñ‹"" Ñ…Ð»Ð¾Ð¿Ð½ÑƒÐ»Ð¸ ""Ð±Ð•Ð½Ð´ÐµÑ€Ð¾Ð²Ñ†Ð°"", Ð¸Ñ€Ð¾Ð½Ð¸Ñ‡Ð½Ð¾.Ð¸ Ð°Ð±ÑÐ¾Ð»ÑŽÑ‚Ð½Ð¾ ""ÑÐ¸Ð¼Ð¼ÐµÑ‚Ñ€Ð¸Ñ‡Ð½Ñ‹Ð¹"" Ð¾Ñ‚Ð²ÐµÑ‚ Ð¿Ð¾ ÐºÑ€ÐµÐ¼ÐµÐ½Ñ‡ÑƒÐ¶ÑÐºÐ¾Ð¼Ñƒ Ð³Ð¾ÑÐ¿Ð¸Ñ‚Ð°Ð»ÑŽ... ]"
"ÐœÐ°ÐºÑÐ¸Ð¼Ð°Ð»ÑŒÐ½Ð¾ ÐºÑ€Ð°ÑÐ¸Ð²Ð¾, Ð³Ð¾Ð²Ð¾Ñ€ÑÑ‚ Ñƒ Ð³Ñ€Ð°Ð¶Ð´Ð°Ð½ÑÐºÐ¸Ñ… Ð¾Ð±ÑŠÐµÐºÑ‚Ð¾Ð² Ñ€ÑÐ´Ð¾Ð¼ Ð´Ð°Ð¶Ðµ ÑÑ‚ÐµÐºÐ»Ð° Ð½Ð° Ð¼ÐµÑÑ‚Ð°Ñ… Ð¾ÑÑ‚Ð°Ð»Ð¸ÑÑŒ)",[7&&Testing_jj&& Ð®Ð²ÐµÐ»Ð¸Ñ€Ð½Ð°Ñ Ñ€Ð°Ð±Ð¾Ñ‚Ð° ]
"ÐŸÐ¾Ñ‡ÐµÐ¼Ñƒ Ð² ÑÑ‚Ð¾Ð¼ Ñ‚Ñ€ÐµÐ´Ðµ ÑƒÐ³Ð¾Ð²Ð°Ñ€Ð¸Ð²Ð°ÑŽÑ‚ Ð½Ðµ Ñ…Ð¾Ð´Ð¸Ñ‚ÑŒ Ð½Ð° Ð²Ð¾Ð¹Ð½Ñƒ Ñ€Ð¾ÑÑÐ¸ÑÐ½, Ð¿Ñ€Ð¸ ÑÑ‚Ð¾Ð¼ ÑÑ‚Ð°Ñ€Ð°ÑŽÑ‚ÑÑ Ð²Ñ‹Ð¿Ð¸Ñ…Ð½ÑƒÑ‚ÑŒ Ð½Ð° Ð²ÐµÑ€Ð½ÑƒÑŽ ÑÐ¼ÐµÑ€Ñ‚ÑŒ Ð¿Ð¾Ð±Ð¾Ð»ÑŒÑˆÐµ ÑƒÐºÑ€Ð°Ð¸Ð½Ñ†ÐµÐ²? ÐÐ° Ñ‡ÑŒÐµÐ¹ Ð’Ñ‹ ÑÑ‚Ð¾Ñ€Ð¾Ð½Ðµ?","[8&&Environmental_Trust1&& Ð§Ñ‚Ð¾Ð±Ñ‹ Ð½Ð° Ñ„Ñ€Ð¾Ð½Ñ‚Ðµ Ð±Ñ‹Ð»Ð¾ Ð¿Ð¾Ð¼ÐµÐ½ÑŒÑˆÐµ Ñ€Ð¾ÑÑÐ¸ÑÐ½ Ð¸ Ð¿Ð¾Ð±Ð¾Ð»ÑŒÑˆÐµ ÑƒÐºÑ€Ð°Ð¸Ð½Ñ†ÐµÐ², Ð¾Ñ‡Ð½Ð²Ð¸Ð´Ð½Ð¾ ]"
[110&&fat_old_boy&&POST=Ð‘Ñ‹Ð²Ð°ÐµÑ‚.],"[45&&pathalogian&& ÐšÐ¾Ð³Ð´Ð° Ð¾Ð½Ð° Ð·Ð°Ñ…Ð¾Ñ‚ÐµÐ»Ð°,Ð° Ñ‚Ñ‹ ÑƒÐ¶Ðµ Ð´Ð²Ð° Ñ€Ð°Ð·Ð° Ð¿Ð¾Ð´Ñ€Ð¾Ñ‡Ð¸Ð». Ð’Ð°Ñˆ Ð±Ð¾Ñ†Ð¼Ð°Ð½-Ð¿ÐµÑ€ÐµÐ²Ð¾Ð´Ñ‡Ð¸Ðº. ]"
[110&&fat_old_boy&&POST=Ð‘Ñ‹Ð²Ð°ÐµÑ‚.],"[0&&[deleted]&& ÐŸÐ¾ÑÑÐ½Ð¸, ÐºÐ°Ðº Ð¾Ñ‰ÑƒÑ‰ÐµÐ½Ð¸Ñ? ]"
"ÐšÐ¾Ð³Ð´Ð° Ð¾Ð½Ð° Ð·Ð°Ñ…Ð¾Ñ‚ÐµÐ»Ð°,Ð° Ñ‚Ñ‹ ÑƒÐ¶Ðµ Ð´Ð²Ð° Ñ€Ð°Ð·Ð° Ð¿Ð¾Ð´Ñ€Ð¾Ñ‡Ð¸Ð». Ð’Ð°Ñˆ Ð±Ð¾Ñ†Ð¼Ð°Ð½-Ð¿ÐµÑ€ÐµÐ²Ð¾Ð´Ñ‡Ð¸Ðº.","[17&&alxumuk&& Ð¯ Ð±Ñ‹ Ð¸ÑÐ¿Ð¾Ð»ÑŒÐ·Ð¾Ð²Ð°Ð» Ñ‚ÐµÑ€Ð¼Ð¸Ð½ ""Ð²Ð¾Ð·Ð±ÑƒÐ´Ð¸Ð»Ð°ÑÑŒ"", Ð° Ð½Ðµ ""Ð·Ð°Ñ…Ð¾Ñ‚ÐµÐ»Ð°"", Ð½Ð¾ ÑÑ‚Ð¾, ÐºÐ¾Ð½ÐµÑ‡Ð½Ð¾, Ñ‚Ð°Ðº, Ð´Ð¾ÐµÐ±Ð°Ñ‚ÑŒÑÑ. ]"
"ÐšÐ¾Ð³Ð´Ð° Ð¾Ð½Ð° Ð·Ð°Ñ…Ð¾Ñ‚ÐµÐ»Ð°,Ð° Ñ‚Ñ‹ ÑƒÐ¶Ðµ Ð´Ð²Ð° Ñ€Ð°Ð·Ð° Ð¿Ð¾Ð´Ñ€Ð¾Ñ‡Ð¸Ð». Ð’Ð°Ñˆ Ð±Ð¾Ñ†Ð¼Ð°Ð½-Ð¿ÐµÑ€ÐµÐ²Ð¾Ð´Ñ‡Ð¸Ðº.","[6&&Avreliy13&& Ð½Ñƒ, Ð¿Ð¾Ð´Ñ€Ð¾Ñ‡Ð¸ ÐµÐ¹ ÐµÑ‰Ñ‘ Ñ€Ð°Ð·. ]"
"ÐšÐ¾Ð³Ð´Ð° Ð¾Ð½Ð° Ð·Ð°Ñ…Ð¾Ñ‚ÐµÐ»Ð°,Ð° Ñ‚Ñ‹ ÑƒÐ¶Ðµ Ð´Ð²Ð° Ñ€Ð°Ð·Ð° Ð¿Ð¾Ð´Ñ€Ð¾Ñ‡Ð¸Ð». Ð’Ð°Ñˆ Ð±Ð¾Ñ†Ð¼Ð°Ð½-Ð¿ÐµÑ€ÐµÐ²Ð¾Ð´Ñ‡Ð¸Ðº.",[6&&shchukins&& ÐšÐ¾Ð³Ð´Ð° Ð¾Ð½ Ð¿Ð¸Ð·Ð´ÐµÑ† ÐºÐ°Ðº Ð²Ð¾Ð·Ð±ÑƒÐ´Ð¸Ð»Ð°ÑÑŒâ€¦ (af - as fuck) ]
"Ð¯ Ð±Ñ‹ Ð¸ÑÐ¿Ð¾Ð»ÑŒÐ·Ð¾Ð²Ð°Ð» Ñ‚ÐµÑ€Ð¼Ð¸Ð½ ""Ð²Ð¾Ð·Ð±ÑƒÐ´Ð¸Ð»Ð°ÑÑŒ"", Ð° Ð½Ðµ ""Ð·Ð°Ñ…Ð¾Ñ‚ÐµÐ»Ð°"", Ð½Ð¾ ÑÑ‚Ð¾, ÐºÐ¾Ð½ÐµÑ‡Ð½Ð¾, Ñ‚Ð°Ðº, Ð´Ð¾ÐµÐ±Ð°Ñ‚ÑŒÑÑ.",[8&&babymachinegun&& ÐœÐ¾Ð¶ÐµÑ‚ Ð¿Ð¾Ð´Ñ€Ð¾Ñ‡Ð¸ÑˆÑŒ? ]
"Ð¯ Ð±Ñ‹ Ð¸ÑÐ¿Ð¾Ð»ÑŒÐ·Ð¾Ð²Ð°Ð» Ñ‚ÐµÑ€Ð¼Ð¸Ð½ ""Ð²Ð¾Ð·Ð±ÑƒÐ´Ð¸Ð»Ð°ÑÑŒ"", Ð° Ð½Ðµ ""Ð·Ð°Ñ…Ð¾Ñ‚ÐµÐ»Ð°"", Ð½Ð¾ ÑÑ‚Ð¾, ÐºÐ¾Ð½ÐµÑ‡Ð½Ð¾, Ñ‚Ð°Ðº, Ð´Ð¾ÐµÐ±Ð°Ñ‚ÑŒÑÑ.","[2&&pathalogian&& Ð”Ð°,Ñ‚Ð°Ðº Ð±ÑƒÐ´ÐµÑ‚ Ð¿Ð¾Ñ‚Ð¾Ñ‡Ð½ÐµÐµ ]"
ÐœÐ¾Ð¶ÐµÑ‚ Ð¿Ð¾Ð´Ñ€Ð¾Ñ‡Ð¸ÑˆÑŒ?,[8&&Trump-o-lantern&& ÐŸÐ¾Ð´ÐµÑ€Ð¶Ð°Ñ‚ÑŒ Ð¸Ð»Ð¸ Ð¿Ð¾Ð´Ð´ÐµÑ€Ð¶Ð°Ñ‚ÑŒ? ]
"Ð½Ñƒ, Ð¿Ð¾Ð´Ñ€Ð¾Ñ‡Ð¸ ÐµÐ¹ ÐµÑ‰Ñ‘ Ñ€Ð°Ð·.",[1&&pathalogian&& Ð­Ñ‚Ð¾ Ðº Ð¢Ð¡'Ñƒ ]
ÐšÐ¾Ð³Ð´Ð° Ð¾Ð½ Ð¿Ð¸Ð·Ð´ÐµÑ† ÐºÐ°Ðº Ð²Ð¾Ð·Ð±ÑƒÐ´Ð¸Ð»Ð°ÑÑŒâ€¦ (af - as fuck),"[5&&pathalogian&& ÐÐµ Ð·Ð°Ð¼ÐµÑ‚Ð¸Ð» ÑÑ‚Ð¾Ð³Ð¾ Ð¾Ð±Ð¾Ñ€Ð¾Ñ‚Ð°,Ð¿Ð¾ÑÑ‚Ð¾Ð¼Ñƒ Ñ Ð²ÑÐµÐ³Ð¾ Ð»Ð¸ÑˆÑŒ Ð±Ð¾Ñ†Ð¼Ð°Ð½ ]"
"ÐŸÐ¾ÑÑÐ½Ð¸, ÐºÐ°Ðº Ð¾Ñ‰ÑƒÑ‰ÐµÐ½Ð¸Ñ?","[2&&Sirinoks8&& ÐŸÐ¾ÑÑÐ½Ð¸, ÐºÐ°Ðº Ð¾Ñ‰ÑƒÑ‰ÐµÐ½Ð¸Ñ? ]"
[47&&ProstoKote&&POST=Ð”Ð»Ñ Ð²ÑÐµÑ… Ð¸ Ð´Ð»Ñ ÐºÐ°Ð¶Ð´Ð¾Ð³Ð¾.],[26&&Massive-Somewhere-82&& Ð° Ð½Ð° Ð¿Ð¾ÑÐ»ÐµÐ´Ð½ÐµÐ¹ ÐºÐ°Ñ€Ñ‚Ð¸Ð½ÐºÐµ Ñ‚ÐµÐ½ÑŒ Ð¾Ñ‚ Ð¿ÐµÐ»ÑŒÐ¼ÐµÐ½ÐµÐ¹ Ð¸Ð»Ð¸ ÐºÐ°Ðº Ð½Ð° Ð¿Ñ€ÐµÐ´Ñ‹Ð´ÑƒÑ‰Ð¸Ñ… Ð¸Ð´ÐµÐ½Ñ‚Ð¸Ñ„Ð¸ÐºÐ°Ñ‚Ð¾Ñ€ Ñ‚Ð¾Ð³Ð¾ ÐºÐ¾Ð³Ð¾ ÐºÐ¾Ñ€Ð¼ÑÑ‚? ]
[47&&ProstoKote&&POST=Ð”Ð»Ñ Ð²ÑÐµÑ… Ð¸ Ð´Ð»Ñ ÐºÐ°Ð¶Ð´Ð¾Ð³Ð¾.],[9&&Artoneil&& Ð”Ð°Ð¶Ðµ Ð¼Ð¸Ð»ÐµÐ½ÑŒÐºÐ¾ ÐºÐ°Ðº-Ñ‚Ð¾...Ð¥Ð¾Ñ€Ð¾ÑˆÐ¾ Ð±Ñ‹Ñ‚ÑŒ Ð½ÑÐºÐ°ÑŽÑ‰Ð¸Ð¼ Ð¿Ð¸Ñ‚Ð¾Ð¼Ñ†ÐµÐ¼~ ]
[47&&ProstoKote&&POST=Ð”Ð»Ñ Ð²ÑÐµÑ… Ð¸ Ð´Ð»Ñ ÐºÐ°Ð¶Ð´Ð¾Ð³Ð¾.],"[4&&alxumuk&& Ð’Ð¾Ñ‚ Ñ‚Ð¾Ð»ÑŒÐºÐ¾ Ð²Ð¾Ð¿Ñ€Ð¾Ñ Ð²Ð¾Ð·Ð½Ð¸ÐºÐ°ÐµÑ‚, Ð³Ð´Ðµ ÑÑ‚Ð¸ Ñ€ÑƒÐºÐ¸ Ð´Ð°ÑŽÑ‰ÐµÐ³Ð¾ Ð¶Ñ€Ð°Ñ‡ÐºÑƒ? ÐŸÐ¾Ñ‡ÐµÐ¼Ñƒ Ñ ÑÐ°Ð¼ Ð¿ÐµÐ»ÑŒÐ¼ÐµÑˆÐºÐ¸ Ð¿Ð¾ÐºÑƒÐ¿Ð°Ñ‚ÑŒ Ð´Ð¾Ð»Ð¶ÐµÐ½? ]"
[47&&ProstoKote&&POST=Ð”Ð»Ñ Ð²ÑÐµÑ… Ð¸ Ð´Ð»Ñ ÐºÐ°Ð¶Ð´Ð¾Ð³Ð¾.],"[5&&shisulio&& Ð½Ñƒ ÐºÑÑ‚Ð°Ñ‚Ð¸, Ñƒ ÐºÐ¾Ñ‚Ð¾Ð² Ð¸ ÑÐ¾Ð±Ð°Ðº ÐºÐ¾Ñ€Ð¼ ÑÐ±Ð°Ð»Ð°Ð½ÑÐ¸Ñ€Ð¾Ð²Ð°Ð½Ð½Ñ‹Ð¹ Ð¸ Ð¸Ð¼ Ð²ÑÑŽ Ð¶Ð¸Ð·Ð½ÑŒ Ð¼Ð¾Ð¶Ð½Ð¾ Ð¿Ð¸Ñ‚Ð°Ñ‚ÑŒÑÑ. Ð Ð¿ÐµÐ»ÑŒÐ¼ÐµÐ½Ð¸ - Ð¿Ñ€Ð¾ÑÑ‚Ð¾ ÐµÐ´Ð° Ð¾Ñ‚ ÐºÐ¾Ñ‚Ð¾Ñ€Ð¾Ð¹ ÑÐ´Ð¾Ñ…Ð½ÐµÑˆÑŒ Ñ‡ÐµÑ€ÐµÐ· Ð½ÐµÑÐºÐ¾Ð»ÑŒÐºÐ¾ Ð»ÐµÑ‚, ÐµÑÐ»Ð¸ Ñ‚Ð¾Ð»ÑŒÐºÐ¾ Ð¸Ñ… Ð¶Ñ€Ð°Ñ‚ÑŒ. Ð Ð²Ð¾Ñ‚ Ð±Ñ‹Ð»Ð° Ð±Ñ‹ Ñ‚Ð°ÐºÐ°Ñ Ð¶Ðµ Ð¶Ñ€Ð°Ñ‡ÐºÐ° Ð´Ð»Ñ Ð»ÑŽÐ´ÐµÐ¹, Ñ Ð±Ñ‹ Ñ Ð¾Ð³Ñ€Ð¾Ð¼Ð½Ñ‹Ð¼ ÑƒÐ´Ð¾Ð²Ð¾Ð»ÑŒÑÑ‚Ð²Ð¸ÐµÐ¼ Ð¿Ð¾Ð»ÑŒÐ·Ð¾Ð²Ð°Ð»ÑÑ!! Ð ÐµÑ‰Ñ‘ Ð»ÑƒÑ‡ÑˆÐµ, Ñ‡Ñ‚Ð¾Ð±Ñ‹ Ð¼Ð¾Ð¶Ð½Ð¾ Ð±Ñ‹Ð»Ð¾ ÐµÐ´Ñƒ Ð² ÐºÐ°Ð¿ÐµÐ»ÑŒÐ½Ð¸Ñ†Ð°Ñ… ÑÑ‚Ð°Ð²Ð¸Ñ‚ÑŒ(Ð¸ Ð½ÐµÑ‚, ÑÐµÐ¹Ñ‡Ð°Ñ Ñ‚Ð°Ðº Ð½ÐµÐ»ÑŒÐ·Ñ, Ð²ÑÐµ Ð²Ð½ÑƒÑ‚Ñ€Ð¸Ð²ÐµÐ½Ð½Ð¾Ðµ Ð¿Ð¸Ñ‚Ð°Ð½Ð¸Ðµ ÑÐµÐ¹Ñ‡Ð°Ñ Ð½ÐµÐ¿Ð¾Ð»Ð½Ð¾Ñ†ÐµÐ½Ð½Ð¾Ðµ Ð¸ Ñ€Ð°ÑÑÑ‡Ð¸Ñ‚Ð°Ð½Ð¾ Ð½Ð° Ð½ÐµÐ´ÐµÐ»Ð¸, Ð¼Ð°ÐºÑÐ¸Ð¼ÑƒÐ¼ Ð¼ÐµÑÑÑ†Ñ‹). ]"
Ð° Ð½Ð° Ð¿Ð¾ÑÐ»ÐµÐ´Ð½ÐµÐ¹ ÐºÐ°Ñ€Ñ‚Ð¸Ð½ÐºÐµ Ñ‚ÐµÐ½ÑŒ Ð¾Ñ‚ Ð¿ÐµÐ»ÑŒÐ¼ÐµÐ½ÐµÐ¹ Ð¸Ð»Ð¸ ÐºÐ°Ðº Ð½Ð° Ð¿Ñ€ÐµÐ´Ñ‹Ð´ÑƒÑ‰Ð¸Ñ… Ð¸Ð´ÐµÐ½Ñ‚Ð¸Ñ„Ð¸ÐºÐ°Ñ‚Ð¾Ñ€ Ñ‚Ð¾Ð³Ð¾ ÐºÐ¾Ð³Ð¾ ÐºÐ¾Ñ€Ð¼ÑÑ‚?,"[29&&EvillNooB&& Ð¯ Ð½Ðµ ÑÐºÑÐ¿ÐµÑ€Ñ‚, Ð½Ð¾ Ð¼Ð½Ðµ ÐºÐ°Ð¶ÐµÑ‚ÑÑ Ñ‡Ñ‚Ð¾ Ñ‚Ð°Ð¼ Ñ…ÑƒÐ¹ ]"
Ð° Ð½Ð° Ð¿Ð¾ÑÐ»ÐµÐ´Ð½ÐµÐ¹ ÐºÐ°Ñ€Ñ‚Ð¸Ð½ÐºÐµ Ñ‚ÐµÐ½ÑŒ Ð¾Ñ‚ Ð¿ÐµÐ»ÑŒÐ¼ÐµÐ½ÐµÐ¹ Ð¸Ð»Ð¸ ÐºÐ°Ðº Ð½Ð° Ð¿Ñ€ÐµÐ´Ñ‹Ð´ÑƒÑ‰Ð¸Ñ… Ð¸Ð´ÐµÐ½Ñ‚Ð¸Ñ„Ð¸ÐºÐ°Ñ‚Ð¾Ñ€ Ñ‚Ð¾Ð³Ð¾ ÐºÐ¾Ð³Ð¾ ÐºÐ¾Ñ€Ð¼ÑÑ‚?,"[8&&EmotionalPosition619&& ÐžÐ  Ð¸Ð· ÐŸÐ¸Ñ‚ÐµÑ€Ð°. Ð­Ñ‚Ð¾ Ð½Ðµ Ñ‚ÐµÐ½ÑŒ, ÑÑ‚Ð¾ Ð½Ð°ÑÑ‚Ð¾ÑÑ‰Ð°Ñ Ñ‡Ð°ÑÑ‚ÑŒ Ð² Ð¿Ð°ÐºÐµÑ‚Ðµ ]"
Ð° Ð½Ð° Ð¿Ð¾ÑÐ»ÐµÐ´Ð½ÐµÐ¹ ÐºÐ°Ñ€Ñ‚Ð¸Ð½ÐºÐµ Ñ‚ÐµÐ½ÑŒ Ð¾Ñ‚ Ð¿ÐµÐ»ÑŒÐ¼ÐµÐ½ÐµÐ¹ Ð¸Ð»Ð¸ ÐºÐ°Ðº Ð½Ð° Ð¿Ñ€ÐµÐ´Ñ‹Ð´ÑƒÑ‰Ð¸Ñ… Ð¸Ð´ÐµÐ½Ñ‚Ð¸Ñ„Ð¸ÐºÐ°Ñ‚Ð¾Ñ€ Ñ‚Ð¾Ð³Ð¾ ÐºÐ¾Ð³Ð¾ ÐºÐ¾Ñ€Ð¼ÑÑ‚?,"[5&&SVlad_667&& Ð•Ð´Ñƒ Ð¼ÑƒÐ¶ÑÐºÐ°Ñ, 10 ÐºÐ³. ]"
Ð° Ð½Ð° Ð¿Ð¾ÑÐ»ÐµÐ´Ð½ÐµÐ¹ ÐºÐ°Ñ€Ñ‚Ð¸Ð½ÐºÐµ Ñ‚ÐµÐ½ÑŒ Ð¾Ñ‚ Ð¿ÐµÐ»ÑŒÐ¼ÐµÐ½ÐµÐ¹ Ð¸Ð»Ð¸ ÐºÐ°Ðº Ð½Ð° Ð¿Ñ€ÐµÐ´Ñ‹Ð´ÑƒÑ‰Ð¸Ñ… Ð¸Ð´ÐµÐ½Ñ‚Ð¸Ñ„Ð¸ÐºÐ°Ñ‚Ð¾Ñ€ Ñ‚Ð¾Ð³Ð¾ ÐºÐ¾Ð³Ð¾ ÐºÐ¾Ñ€Ð¼ÑÑ‚?,[3&&ProstoKote&& Ð Ñ‚Ñ‹ ÐºÐ°Ðº Ð´ÑƒÐ¼Ð°ÐµÑˆÑŒ?) ]
"Ð¯ Ð½Ðµ ÑÐºÑÐ¿ÐµÑ€Ñ‚, Ð½Ð¾ Ð¼Ð½Ðµ ÐºÐ°Ð¶ÐµÑ‚ÑÑ Ñ‡Ñ‚Ð¾ Ñ‚Ð°Ð¼ Ñ…ÑƒÐ¹",[16&&Kassandra_gg&& ÐŸÐ¾ÑÐ»ÐµÐ´Ð½Ð¸Ð¹ Ð¸ Ð±ÐµÐ· ÑÐ¾Ð»Ð¸ ]
"Ð¯ Ð½Ðµ ÑÐºÑÐ¿ÐµÑ€Ñ‚, Ð½Ð¾ Ð¼Ð½Ðµ ÐºÐ°Ð¶ÐµÑ‚ÑÑ Ñ‡Ñ‚Ð¾ Ñ‚Ð°Ð¼ Ñ…ÑƒÐ¹",[10&&Duckky12&& Ñ…Ð£ÐµÐ² Ð¼ÐµÑˆÐ¾Ð². Ð—Ð°ÑÑ‹Ð¿Ð°Ð»?! ÐœÐµÑˆÐ°Ð¹!!!Ð—Ð°Ñ‚ÐºÐ½Ð¸ÑÑŒ! Ð—Ð°Ñ‚ÐºÐ½Ð¸ÑÑŒ! ]
"Ð¯ Ð½Ðµ ÑÐºÑÐ¿ÐµÑ€Ñ‚, Ð½Ð¾ Ð¼Ð½Ðµ ÐºÐ°Ð¶ÐµÑ‚ÑÑ Ñ‡Ñ‚Ð¾ Ñ‚Ð°Ð¼ Ñ…ÑƒÐ¹","[1&&Desperate-Health3307&& ÐžÐ³Ð»Ð°Ñ„ Ð¼Ð¾Ð¶ÐµÑ‚ ÑÐ¼ÐµÐ½Ð¸Ñ‚ÑŒ Ð¿ÑÐµÐ²Ð´Ð¾Ð½Ð¸Ð¼, Ð½Ð¾ Ð¾Ñ‚ ÑÐµÐ±Ñ Ð½Ð¸ÐºÑƒÐ´Ð° Ð½Ðµ Ð´ÐµÑ‚ÑŒÑÑ. ]"
Ð Ñ‚Ñ‹ ÐºÐ°Ðº Ð´ÑƒÐ¼Ð°ÐµÑˆÑŒ?),[4&&Massive-Somewhere-82&& Ð´Ð° Ð¿Ð¾-Ð»ÑŽÐ±Ð¾Ð¼Ñƒ Ñ‚ÐµÐ½ÑŒ Ð¾Ñ‚ Ð¿ÐµÐ»ÑŒÐ¼ÐµÐ½ÐµÐ¹! Ð’Ð°Ð¼ Ð¼ÐµÐ½Ñ Ð½Ðµ Ð¿Ð¾Ð´Ð»Ð¾Ð²Ð¸Ñ‚ÑŒ ]
Ð”Ð°Ð¶Ðµ Ð¼Ð¸Ð»ÐµÐ½ÑŒÐºÐ¾ ÐºÐ°Ðº-Ñ‚Ð¾...Ð¥Ð¾Ñ€Ð¾ÑˆÐ¾ Ð±Ñ‹Ñ‚ÑŒ Ð½ÑÐºÐ°ÑŽÑ‰Ð¸Ð¼ Ð¿Ð¸Ñ‚Ð¾Ð¼Ñ†ÐµÐ¼~,[6&&SVlad_667&& ÐŸÐ°Ñ€Ñ‚Ð¸Ñ Ð²Ñ‹Ð´Ð°Ñ‚ÑŒ Ð¾Ð´Ð¸Ð½ ÐšÐ¾Ñ‚-Ð¼ÑƒÐ¶ Ð¸ Ð´Ð²Ð° Ð¼ÐµÑˆÐ¾Ðº ÐºÐ¾Ñ€Ð¼. ]
"Ð’Ð¾Ñ‚ Ñ‚Ð¾Ð»ÑŒÐºÐ¾ Ð²Ð¾Ð¿Ñ€Ð¾Ñ Ð²Ð¾Ð·Ð½Ð¸ÐºÐ°ÐµÑ‚, Ð³Ð´Ðµ ÑÑ‚Ð¸ Ñ€ÑƒÐºÐ¸ Ð´Ð°ÑŽÑ‰ÐµÐ³Ð¾ Ð¶Ñ€Ð°Ñ‡ÐºÑƒ? ÐŸÐ¾Ñ‡ÐµÐ¼Ñƒ Ñ ÑÐ°Ð¼ Ð¿ÐµÐ»ÑŒÐ¼ÐµÑˆÐºÐ¸ Ð¿Ð¾ÐºÑƒÐ¿Ð°Ñ‚ÑŒ Ð´Ð¾Ð»Ð¶ÐµÐ½?",[1&&ProstoKote&& ÐÑƒ ÑÑ‚Ð¾ Ð¸Ð·Ð²ÐµÑ‡Ð½Ñ‹Ð¹ Ð²Ð¾Ð¿Ñ€Ð¾Ñ - ÐºÑ‚Ð¾ Ð²Ð¸Ð½Ð¾Ð²Ð°Ñ‚ Ð¸ Ñ‡Ñ‚Ð¾ Ð´ÐµÐ»Ð°Ñ‚ÑŒ? ]
"Ð½Ñƒ ÐºÑÑ‚Ð°Ñ‚Ð¸, Ñƒ ÐºÐ¾Ñ‚Ð¾Ð² Ð¸ ÑÐ¾Ð±Ð°Ðº ÐºÐ¾Ñ€Ð¼ ÑÐ±Ð°Ð»Ð°Ð½ÑÐ¸Ñ€Ð¾Ð²Ð°Ð½Ð½Ñ‹Ð¹ Ð¸ Ð¸Ð¼ Ð²ÑÑŽ Ð¶Ð¸Ð·Ð½ÑŒ Ð¼Ð¾Ð¶Ð½Ð¾ Ð¿Ð¸Ñ‚Ð°Ñ‚ÑŒÑÑ. Ð Ð¿ÐµÐ»ÑŒÐ¼ÐµÐ½Ð¸ - Ð¿Ñ€Ð¾ÑÑ‚Ð¾ ÐµÐ´Ð° Ð¾Ñ‚ ÐºÐ¾Ñ‚Ð¾Ñ€Ð¾Ð¹ ÑÐ´Ð¾Ñ…Ð½ÐµÑˆÑŒ Ñ‡ÐµÑ€ÐµÐ· Ð½ÐµÑÐºÐ¾Ð»ÑŒÐºÐ¾ Ð»ÐµÑ‚, ÐµÑÐ»Ð¸ Ñ‚Ð¾Ð»ÑŒÐºÐ¾ Ð¸Ñ… Ð¶Ñ€Ð°Ñ‚ÑŒ. Ð Ð²Ð¾Ñ‚ Ð±Ñ‹Ð»Ð° Ð±Ñ‹ Ñ‚Ð°ÐºÐ°Ñ Ð¶Ðµ Ð¶Ñ€Ð°Ñ‡ÐºÐ° Ð´Ð»Ñ Ð»ÑŽÐ´ÐµÐ¹, Ñ Ð±Ñ‹ Ñ Ð¾Ð³Ñ€Ð¾Ð¼Ð½Ñ‹Ð¼ ÑƒÐ´Ð¾Ð²Ð¾Ð»ÑŒÑÑ‚Ð²Ð¸ÐµÐ¼ Ð¿Ð¾Ð»ÑŒÐ·Ð¾Ð²Ð°Ð»ÑÑ!! Ð ÐµÑ‰Ñ‘ Ð»ÑƒÑ‡ÑˆÐµ, Ñ‡Ñ‚Ð¾Ð±Ñ‹ Ð¼Ð¾Ð¶Ð½Ð¾ Ð±Ñ‹Ð»Ð¾ ÐµÐ´Ñƒ Ð² ÐºÐ°Ð¿ÐµÐ»ÑŒÐ½Ð¸Ñ†Ð°Ñ… ÑÑ‚Ð°Ð²Ð¸Ñ‚ÑŒ(Ð¸ Ð½ÐµÑ‚, ÑÐµÐ¹Ñ‡Ð°Ñ Ñ‚Ð°Ðº Ð½ÐµÐ»ÑŒÐ·Ñ, Ð²ÑÐµ Ð²Ð½ÑƒÑ‚Ñ€Ð¸Ð²ÐµÐ½Ð½Ð¾Ðµ Ð¿Ð¸Ñ‚Ð°Ð½Ð¸Ðµ ÑÐµÐ¹Ñ‡Ð°Ñ Ð½ÐµÐ¿Ð¾Ð»Ð½Ð¾Ñ†ÐµÐ½Ð½Ð¾Ðµ Ð¸ Ñ€Ð°ÑÑÑ‡Ð¸Ñ‚Ð°Ð½Ð¾ Ð½Ð° Ð½ÐµÐ´ÐµÐ»Ð¸, Ð¼Ð°ÐºÑÐ¸Ð¼ÑƒÐ¼ Ð¼ÐµÑÑÑ†Ñ‹).","[7&&ProstoKote&& Ð¯ Ð±Ñ‹ Ñ‚Ð¾Ð¶Ðµ Ñ…Ð¾Ñ‚ÐµÐ»Ð° Ñ‚Ð°ÐºÑƒÑŽ Ð¿Ð¾Ð²ÑÐµÐ´Ð½ÐµÐ²Ð½ÑƒÑŽ Ñ…Ð°Ð²ÐºÑƒ. Ð—Ð°ÐºÐ¸Ð½ÑƒÐ» Ð¸ Ð¿Ð¾Ñ€ÑÐ´Ð¾Ðº. Ð ÐµÑÐ»Ð¸ Ð·Ð°Ñ…Ð¾Ñ‚ÐµÐ»Ð¾ÑÑŒ Ð²ÐºÑƒÑÐ½ÐµÐ½ÑŒÐºÐ¾Ð³Ð¾, Ñ‚Ð°Ðº Ð½Ð¸ÐºÑ‚Ð¾ Ð½Ðµ Ð·Ð°Ð¿Ñ€ÐµÑ‰Ð°ÐµÑ‚ Ð¿Ñ€Ð¸Ð³Ð¾Ñ‚Ð¾Ð²Ð¸Ñ‚ÑŒ, Ð½Ð°Ð¿Ñ€Ð¸Ð¼ÐµÑ€ Ð² Ð²Ñ‹Ñ…Ð¾Ð´Ð½Ñ‹Ðµ. ]"
"Ð½Ñƒ ÐºÑÑ‚Ð°Ñ‚Ð¸, Ñƒ ÐºÐ¾Ñ‚Ð¾Ð² Ð¸ ÑÐ¾Ð±Ð°Ðº ÐºÐ¾Ñ€Ð¼ ÑÐ±Ð°Ð»Ð°Ð½ÑÐ¸Ñ€Ð¾Ð²Ð°Ð½Ð½Ñ‹Ð¹ Ð¸ Ð¸Ð¼ Ð²ÑÑŽ Ð¶Ð¸Ð·Ð½ÑŒ Ð¼Ð¾Ð¶Ð½Ð¾ Ð¿Ð¸Ñ‚Ð°Ñ‚ÑŒÑÑ. Ð Ð¿ÐµÐ»ÑŒÐ¼ÐµÐ½Ð¸ - Ð¿Ñ€Ð¾ÑÑ‚Ð¾ ÐµÐ´Ð° Ð¾Ñ‚ ÐºÐ¾Ñ‚Ð¾Ñ€Ð¾Ð¹ ÑÐ´Ð¾Ñ…Ð½ÐµÑˆÑŒ Ñ‡ÐµÑ€ÐµÐ· Ð½ÐµÑÐºÐ¾Ð»ÑŒÐºÐ¾ Ð»ÐµÑ‚, ÐµÑÐ»Ð¸ Ñ‚Ð¾Ð»ÑŒÐºÐ¾ Ð¸Ñ… Ð¶Ñ€Ð°Ñ‚ÑŒ. Ð Ð²Ð¾Ñ‚ Ð±Ñ‹Ð»Ð° Ð±Ñ‹ Ñ‚Ð°ÐºÐ°Ñ Ð¶Ðµ Ð¶Ñ€Ð°Ñ‡ÐºÐ° Ð´Ð»Ñ Ð»ÑŽÐ´ÐµÐ¹, Ñ Ð±Ñ‹ Ñ Ð¾Ð³Ñ€Ð¾Ð¼Ð½Ñ‹Ð¼ ÑƒÐ´Ð¾Ð²Ð¾Ð»ÑŒÑÑ‚Ð²Ð¸ÐµÐ¼ Ð¿Ð¾Ð»ÑŒÐ·Ð¾Ð²Ð°Ð»ÑÑ!! Ð ÐµÑ‰Ñ‘ Ð»ÑƒÑ‡ÑˆÐµ, Ñ‡Ñ‚Ð¾Ð±Ñ‹ Ð¼Ð¾Ð¶Ð½Ð¾ Ð±Ñ‹Ð»Ð¾ ÐµÐ´Ñƒ Ð² ÐºÐ°Ð¿ÐµÐ»ÑŒÐ½Ð¸Ñ†Ð°Ñ… ÑÑ‚Ð°Ð²Ð¸Ñ‚ÑŒ(Ð¸ Ð½ÐµÑ‚, ÑÐµÐ¹Ñ‡Ð°Ñ Ñ‚Ð°Ðº Ð½ÐµÐ»ÑŒÐ·Ñ, Ð²ÑÐµ Ð²Ð½ÑƒÑ‚Ñ€Ð¸Ð²ÐµÐ½Ð½Ð¾Ðµ Ð¿Ð¸Ñ‚Ð°Ð½Ð¸Ðµ ÑÐµÐ¹Ñ‡Ð°Ñ Ð½ÐµÐ¿Ð¾Ð»Ð½Ð¾Ñ†ÐµÐ½Ð½Ð¾Ðµ Ð¸ Ñ€Ð°ÑÑÑ‡Ð¸Ñ‚Ð°Ð½Ð¾ Ð½Ð° Ð½ÐµÐ´ÐµÐ»Ð¸, Ð¼Ð°ÐºÑÐ¸Ð¼ÑƒÐ¼ Ð¼ÐµÑÑÑ†Ñ‹).","[1&&HonestFinance6524&& Ð›ÑƒÑ‡ÑˆÐµ Ð±Ñ‹ Ð²Ð¾Ð¾Ð±Ñ‰Ðµ Ð¸Ð·Ð±Ð°Ð²Ð¸Ñ‚ÑŒÑÑ Ð¾Ñ‚ Ð½ÐµÐ¾Ð±Ñ…Ð¾Ð´Ð¸Ð¼Ð¾ÑÑ‚Ð¸ Ð¿Ð¸Ñ‚Ð°Ñ‚ÑŒÑÑ, Ð½ÐµÑ‚ Ð½Ð¸Ñ‡ÐµÐ³Ð¾ Ð»ÑƒÑ‡ÑˆÐµ Ð½ÐµÐ¼Ð°Ñ‚ÐµÑ€Ð¸Ð°Ð»ÑŒÐ½Ð¾Ð³Ð¾ ÑÑƒÑ‰ÐµÑÑ‚Ð²Ð¾Ð²Ð°Ð½Ð¸Ñ. Ð‘Ñ‹Ñ‚ÑŒ Ð¿Ñ€Ð¸Ð²ÐµÐ´ÐµÐ½Ð¸ÐµÐ¼ ÐºÑ€ÑƒÑ‚Ð¾. ]"
"Ð½Ñƒ ÐºÑÑ‚Ð°Ñ‚Ð¸, Ñƒ ÐºÐ¾Ñ‚Ð¾Ð² Ð¸ ÑÐ¾Ð±Ð°Ðº ÐºÐ¾Ñ€Ð¼ ÑÐ±Ð°Ð»Ð°Ð½ÑÐ¸Ñ€Ð¾Ð²Ð°Ð½Ð½Ñ‹Ð¹ Ð¸ Ð¸Ð¼ Ð²ÑÑŽ Ð¶Ð¸Ð·Ð½ÑŒ Ð¼Ð¾Ð¶Ð½Ð¾ Ð¿Ð¸Ñ‚Ð°Ñ‚ÑŒÑÑ. Ð Ð¿ÐµÐ»ÑŒÐ¼ÐµÐ½Ð¸ - Ð¿Ñ€Ð¾ÑÑ‚Ð¾ ÐµÐ´Ð° Ð¾Ñ‚ ÐºÐ¾Ñ‚Ð¾Ñ€Ð¾Ð¹ ÑÐ´Ð¾Ñ…Ð½ÐµÑˆÑŒ Ñ‡ÐµÑ€ÐµÐ· Ð½ÐµÑÐºÐ¾Ð»ÑŒÐºÐ¾ Ð»ÐµÑ‚, ÐµÑÐ»Ð¸ Ñ‚Ð¾Ð»ÑŒÐºÐ¾ Ð¸Ñ… Ð¶Ñ€Ð°Ñ‚ÑŒ. Ð Ð²Ð¾Ñ‚ Ð±Ñ‹Ð»Ð° Ð±Ñ‹ Ñ‚Ð°ÐºÐ°Ñ Ð¶Ðµ Ð¶Ñ€Ð°Ñ‡ÐºÐ° Ð´Ð»Ñ Ð»ÑŽÐ´ÐµÐ¹, Ñ Ð±Ñ‹ Ñ Ð¾Ð³Ñ€Ð¾Ð¼Ð½Ñ‹Ð¼ ÑƒÐ´Ð¾Ð²Ð¾Ð»ÑŒÑÑ‚Ð²Ð¸ÐµÐ¼ Ð¿Ð¾Ð»ÑŒÐ·Ð¾Ð²Ð°Ð»ÑÑ!! Ð ÐµÑ‰Ñ‘ Ð»ÑƒÑ‡ÑˆÐµ, Ñ‡Ñ‚Ð¾Ð±Ñ‹ Ð¼Ð¾Ð¶Ð½Ð¾ Ð±Ñ‹Ð»Ð¾ ÐµÐ´Ñƒ Ð² ÐºÐ°Ð¿ÐµÐ»ÑŒÐ½Ð¸Ñ†Ð°Ñ… ÑÑ‚Ð°Ð²Ð¸Ñ‚ÑŒ(Ð¸ Ð½ÐµÑ‚, ÑÐµÐ¹Ñ‡Ð°Ñ Ñ‚Ð°Ðº Ð½ÐµÐ»ÑŒÐ·Ñ, Ð²ÑÐµ Ð²Ð½ÑƒÑ‚Ñ€Ð¸Ð²ÐµÐ½Ð½Ð¾Ðµ Ð¿Ð¸Ñ‚Ð°Ð½Ð¸Ðµ ÑÐµÐ¹Ñ‡Ð°Ñ Ð½ÐµÐ¿Ð¾Ð»Ð½Ð¾Ñ†ÐµÐ½Ð½Ð¾Ðµ Ð¸ Ñ€Ð°ÑÑÑ‡Ð¸Ñ‚Ð°Ð½Ð¾ Ð½Ð° Ð½ÐµÐ´ÐµÐ»Ð¸, Ð¼Ð°ÐºÑÐ¸Ð¼ÑƒÐ¼ Ð¼ÐµÑÑÑ†Ñ‹).","[1&&16incheslong&& Ñ‚Ð°Ðº Ð²Ñ€Ð¾Ð´Ðµ Ð´Ð¾ÑˆÐ¸Ðº Ð¶Ðµ ÑÐ±Ð°Ð»Ð°Ð½ÑÐ¸Ñ€Ð¾Ð²Ð°Ð½Ð½Ñ‹Ð¹, Ð¼Ð¾Ð¶Ð½Ð¾ Ð³Ð¾Ð´Ð°Ð¼Ð¸ ÐµÑÑ‚ÑŒ ]"
"Ð½Ñƒ ÐºÑÑ‚Ð°Ñ‚Ð¸, Ñƒ ÐºÐ¾Ñ‚Ð¾Ð² Ð¸ ÑÐ¾Ð±Ð°Ðº ÐºÐ¾Ñ€Ð¼ ÑÐ±Ð°Ð»Ð°Ð½ÑÐ¸Ñ€Ð¾Ð²Ð°Ð½Ð½Ñ‹Ð¹ Ð¸ Ð¸Ð¼ Ð²ÑÑŽ Ð¶Ð¸Ð·Ð½ÑŒ Ð¼Ð¾Ð¶Ð½Ð¾ Ð¿Ð¸Ñ‚Ð°Ñ‚ÑŒÑÑ. Ð Ð¿ÐµÐ»ÑŒÐ¼ÐµÐ½Ð¸ - Ð¿Ñ€Ð¾ÑÑ‚Ð¾ ÐµÐ´Ð° Ð¾Ñ‚ ÐºÐ¾Ñ‚Ð¾Ñ€Ð¾Ð¹ ÑÐ´Ð¾Ñ…Ð½ÐµÑˆÑŒ Ñ‡ÐµÑ€ÐµÐ· Ð½ÐµÑÐºÐ¾Ð»ÑŒÐºÐ¾ Ð»ÐµÑ‚, ÐµÑÐ»Ð¸ Ñ‚Ð¾Ð»ÑŒÐºÐ¾ Ð¸Ñ… Ð¶Ñ€Ð°Ñ‚ÑŒ. Ð Ð²Ð¾Ñ‚ Ð±Ñ‹Ð»Ð° Ð±Ñ‹ Ñ‚Ð°ÐºÐ°Ñ Ð¶Ðµ Ð¶Ñ€Ð°Ñ‡ÐºÐ° Ð´Ð»Ñ Ð»ÑŽÐ´ÐµÐ¹, Ñ Ð±Ñ‹ Ñ Ð¾Ð³Ñ€Ð¾Ð¼Ð½Ñ‹Ð¼ ÑƒÐ´Ð¾Ð²Ð¾Ð»ÑŒÑÑ‚Ð²Ð¸ÐµÐ¼ Ð¿Ð¾Ð»ÑŒÐ·Ð¾Ð²Ð°Ð»ÑÑ!! Ð ÐµÑ‰Ñ‘ Ð»ÑƒÑ‡ÑˆÐµ, Ñ‡Ñ‚Ð¾Ð±Ñ‹ Ð¼Ð¾Ð¶Ð½Ð¾ Ð±Ñ‹Ð»Ð¾ ÐµÐ´Ñƒ Ð² ÐºÐ°Ð¿ÐµÐ»ÑŒÐ½Ð¸Ñ†Ð°Ñ… ÑÑ‚Ð°Ð²Ð¸Ñ‚ÑŒ(Ð¸ Ð½ÐµÑ‚, ÑÐµÐ¹Ñ‡Ð°Ñ Ñ‚Ð°Ðº Ð½ÐµÐ»ÑŒÐ·Ñ, Ð²ÑÐµ Ð²Ð½ÑƒÑ‚Ñ€Ð¸Ð²ÐµÐ½Ð½Ð¾Ðµ Ð¿Ð¸Ñ‚Ð°Ð½Ð¸Ðµ ÑÐµÐ¹Ñ‡Ð°Ñ Ð½ÐµÐ¿Ð¾Ð»Ð½Ð¾Ñ†ÐµÐ½Ð½Ð¾Ðµ Ð¸ Ñ€Ð°ÑÑÑ‡Ð¸Ñ‚Ð°Ð½Ð¾ Ð½Ð° Ð½ÐµÐ´ÐµÐ»Ð¸, Ð¼Ð°ÐºÑÐ¸Ð¼ÑƒÐ¼ Ð¼ÐµÑÑÑ†Ñ‹).","[1&&Roasted_Koala&& ÐŸÐ¾Ð¸Ñ‰Ð¸ ""Ð¡Ð¾Ð¹Ð»ÐµÐ½Ñ‚"" Ð½Ð° Ð’Ð¸ÐºÐ¸. ]"
"Ð›ÑƒÑ‡ÑˆÐµ Ð±Ñ‹ Ð²Ð¾Ð¾Ð±Ñ‰Ðµ Ð¸Ð·Ð±Ð°Ð²Ð¸Ñ‚ÑŒÑÑ Ð¾Ñ‚ Ð½ÐµÐ¾Ð±Ñ…Ð¾Ð´Ð¸Ð¼Ð¾ÑÑ‚Ð¸ Ð¿Ð¸Ñ‚Ð°Ñ‚ÑŒÑÑ, Ð½ÐµÑ‚ Ð½Ð¸Ñ‡ÐµÐ³Ð¾ Ð»ÑƒÑ‡ÑˆÐµ Ð½ÐµÐ¼Ð°Ñ‚ÐµÑ€Ð¸Ð°Ð»ÑŒÐ½Ð¾Ð³Ð¾ ÑÑƒÑ‰ÐµÑÑ‚Ð²Ð¾Ð²Ð°Ð½Ð¸Ñ. Ð‘Ñ‹Ñ‚ÑŒ Ð¿Ñ€Ð¸Ð²ÐµÐ´ÐµÐ½Ð¸ÐµÐ¼ ÐºÑ€ÑƒÑ‚Ð¾.",[8&&Donatelo2&& Ð”Ð° Ð·Ð´Ñ€Ð°Ð²ÑÑ‚Ð²ÑƒÐµÑ‚ Ð¼Ñ‹Ð»Ð¾ Ð´ÑƒÑˆÐ¸ÑÑ‚Ð¾Ðµ Ð¸ Ð²ÐµÑ€Ñ‘Ð²ÐºÐ° Ð¿ÑƒÑˆÐ¸ÑÑ‚Ð°Ñ! ]
"Ð›ÑƒÑ‡ÑˆÐµ Ð±Ñ‹ Ð²Ð¾Ð¾Ð±Ñ‰Ðµ Ð¸Ð·Ð±Ð°Ð²Ð¸Ñ‚ÑŒÑÑ Ð¾Ñ‚ Ð½ÐµÐ¾Ð±Ñ…Ð¾Ð´Ð¸Ð¼Ð¾ÑÑ‚Ð¸ Ð¿Ð¸Ñ‚Ð°Ñ‚ÑŒÑÑ, Ð½ÐµÑ‚ Ð½Ð¸Ñ‡ÐµÐ³Ð¾ Ð»ÑƒÑ‡ÑˆÐµ Ð½ÐµÐ¼Ð°Ñ‚ÐµÑ€Ð¸Ð°Ð»ÑŒÐ½Ð¾Ð³Ð¾ ÑÑƒÑ‰ÐµÑÑ‚Ð²Ð¾Ð²Ð°Ð½Ð¸Ñ. Ð‘Ñ‹Ñ‚ÑŒ Ð¿Ñ€Ð¸Ð²ÐµÐ´ÐµÐ½Ð¸ÐµÐ¼ ÐºÑ€ÑƒÑ‚Ð¾.",[2&&shisulio&& Ð½Ñƒ Ñ‚ÑƒÑ‚ Ð½Ð°Ñ€ÑƒÑˆÐµÐ½Ð¸Ðµ Ð·Ð°ÐºÐ¾Ð½Ð° ÑÐ¾Ñ…Ñ€Ð°Ð½ÐµÐ½Ð¸Ñ Ð¼Ð°ÑÑÑ‹. Ð­Ñ‚Ð¾ Ð½Ðµ Ð¿Ð¾Ð»ÑƒÑ‡Ð¸Ñ‚ÑÑ. ]
"Ñ‚Ð°Ðº Ð²Ñ€Ð¾Ð´Ðµ Ð´Ð¾ÑˆÐ¸Ðº Ð¶Ðµ ÑÐ±Ð°Ð»Ð°Ð½ÑÐ¸Ñ€Ð¾Ð²Ð°Ð½Ð½Ñ‹Ð¹, Ð¼Ð¾Ð¶Ð½Ð¾ Ð³Ð¾Ð´Ð°Ð¼Ð¸ ÐµÑÑ‚ÑŒ","[2&&TOHHA_XYEB&& Ð¥ÑƒÐ¹Ð½ÑŽ ÑÐºÐ°Ð·Ð°Ð». Ð”Ð¾ÑˆÐ¸Ðº â€“ ÑÑ‚Ð¾ Ñ‚ÑƒÐ¿Ð¾ Ð±Ñ‹ÑÑ‚Ñ€Ñ‹Ðµ ÑƒÐ³Ð»ÐµÐ²Ð¾Ð´Ñ‹, Ð´Ð° ÐµÑ‰Ñ‘ Ð¸ Ñ ÐºÑƒÑ‡ÐµÐ¹ Ð¿Ñ€Ð¸Ð¿Ñ€Ð°Ð². Ð¢ÐµÐ±Ðµ Ð¾Ñ‡ÐµÐ½ÑŒ Ð¿Ð¾Ð²ÐµÐ·Ð»Ð¾ Ð½Ðµ ÑƒÐ·Ð½Ð°Ñ‚ÑŒ, Ñ‡Ñ‚Ð¾ Ñ‚Ð°ÐºÐ¾Ðµ Ð±Ð¾Ð»ÑŒ Ð² Ð¶Ð¸Ð²Ð¾Ñ‚Ðµ Ð¿Ð¾ÑÐ»Ðµ Ð¿Ð°Ñ€Ñ‹ Ð½ÐµÐ´ÐµÐ»ÑŒ Ð´Ð¾ÑˆÐ¸Ñ€Ð°Ñ‡Ð½Ð¾Ð¹ Ð´Ð¸ÐµÑ‚Ñ‹ ]"
"Ñ‚Ð°Ðº Ð²Ñ€Ð¾Ð´Ðµ Ð´Ð¾ÑˆÐ¸Ðº Ð¶Ðµ ÑÐ±Ð°Ð»Ð°Ð½ÑÐ¸Ñ€Ð¾Ð²Ð°Ð½Ð½Ñ‹Ð¹, Ð¼Ð¾Ð¶Ð½Ð¾ Ð³Ð¾Ð´Ð°Ð¼Ð¸ ÐµÑÑ‚ÑŒ",[1&&Natural-Point5728&& ÐÑƒ Ð¼Ð½Ðµ ÐºÑÑ‚Ð°Ñ‚Ð¸ Ð¸Ð· Ð´Ð¾ÑˆÐ¸ÐºÐ° Ñ‚Ð¾Ð»ÑŒÐºÐ¾ Ñ‡Ð°Ð½ Ñ€Ð°Ð¼ÐµÐ½ Ð½Ñ€Ð°. ÐžÑÑ‚Ð°Ð»ÑŒÐ½Ð¾Ðµ ÐºÐ°Ðº-Ñ‚Ð¾ Ñ„Ñƒ. ]
"Ð¥ÑƒÐ¹Ð½ÑŽ ÑÐºÐ°Ð·Ð°Ð». Ð”Ð¾ÑˆÐ¸Ðº â€“ ÑÑ‚Ð¾ Ñ‚ÑƒÐ¿Ð¾ Ð±Ñ‹ÑÑ‚Ñ€Ñ‹Ðµ ÑƒÐ³Ð»ÐµÐ²Ð¾Ð´Ñ‹, Ð´Ð° ÐµÑ‰Ñ‘ Ð¸ Ñ ÐºÑƒÑ‡ÐµÐ¹ Ð¿Ñ€Ð¸Ð¿Ñ€Ð°Ð². Ð¢ÐµÐ±Ðµ Ð¾Ñ‡ÐµÐ½ÑŒ Ð¿Ð¾Ð²ÐµÐ·Ð»Ð¾ Ð½Ðµ ÑƒÐ·Ð½Ð°Ñ‚ÑŒ, Ñ‡Ñ‚Ð¾ Ñ‚Ð°ÐºÐ¾Ðµ Ð±Ð¾Ð»ÑŒ Ð² Ð¶Ð¸Ð²Ð¾Ñ‚Ðµ Ð¿Ð¾ÑÐ»Ðµ Ð¿Ð°Ñ€Ñ‹ Ð½ÐµÐ´ÐµÐ»ÑŒ Ð´Ð¾ÑˆÐ¸Ñ€Ð°Ñ‡Ð½Ð¾Ð¹ Ð´Ð¸ÐµÑ‚Ñ‹",[1&&16incheslong&& ÑÑ‚ÑƒÐ´ÐµÐ½Ñ‚Ð¾Ð² Ñ Ð½ÐµÐ¶Ð½Ñ‹Ð¼Ð¸ Ð¶Ð¸Ð²Ð¾Ñ‚Ð¸ÐºÐ°Ð¼Ð¸ Ð½Ð° Ð”Ð’ Ð² Ð¼Ð¾Ðµ Ð²Ñ€ÐµÐ¼Ñ Ð½Ðµ Ð±Ñ‹Ð»Ð¾ ]
[74&&vinger274&&POST=ÐŸÐµÑ€ÐµÐ·Ð°Ð»Ð¸Ð². MONSTERS INC MULTIVERSE Ð½Ð° ÑŽÑ‚ÑƒÐ±Ðµ.],[5&&vinger274&& Ð˜ÑÑ‚Ð¾Ñ‡Ð½Ð¸Ðº ]
[74&&vinger274&&POST=ÐŸÐµÑ€ÐµÐ·Ð°Ð»Ð¸Ð². MONSTERS INC MULTIVERSE Ð½Ð° ÑŽÑ‚ÑƒÐ±Ðµ.],"[7&&Strigvald&& Ð Ð½Ð°Ð¿Ð¾Ð¼Ð½Ð¸Ñ‚Ðµ Ð¿Ð¾Ð¶Ð°Ð»ÑƒÐ¹ÑÑ‚Ð°, Ð±Ñ‹Ð» Ð¿ÐµÑ€ÑÐ¾Ð½Ð°Ð¶ ÐŸÐ°Ñ‚Ð¸Ñ„Ñ„Ð¾Ð½ÐºÐ° Ð¸Ð»Ð¸ ÐºÐ°Ðº-Ñ‚Ð¾ Ð¿Ð¾Ñ…Ð¾Ð¶Ðµ. ÐŸÐ¸Ð»Ð¸Ð» Ð³Ð¾Ð´Ð½Ñ‹Ðµ Ñ€Ð¾Ð»Ð¸ÐºÐ¸. ÐšÑƒÐ´Ð° Ð´ÐµÐ»ÑÑ? ]"
[74&&vinger274&&POST=ÐŸÐµÑ€ÐµÐ·Ð°Ð»Ð¸Ð². MONSTERS INC MULTIVERSE Ð½Ð° ÑŽÑ‚ÑƒÐ±Ðµ.],[2&&RECabu&& Ð—Ð°Ð¿Ð¸ÑÐ°Ð» Ð½Ð° Ð²Ð¸Ð´ÐµÐ¾ÐºÐ°ÑÑÐµÑ‚Ñƒ ÐžÐ»Ð´Ð±Ð¾Ð¹ Info | GitHub ]
"Ð Ð½Ð°Ð¿Ð¾Ð¼Ð½Ð¸Ñ‚Ðµ Ð¿Ð¾Ð¶Ð°Ð»ÑƒÐ¹ÑÑ‚Ð°, Ð±Ñ‹Ð» Ð¿ÐµÑ€ÑÐ¾Ð½Ð°Ð¶ ÐŸÐ°Ñ‚Ð¸Ñ„Ñ„Ð¾Ð½ÐºÐ° Ð¸Ð»Ð¸ ÐºÐ°Ðº-Ñ‚Ð¾ Ð¿Ð¾Ñ…Ð¾Ð¶Ðµ. ÐŸÐ¸Ð»Ð¸Ð» Ð³Ð¾Ð´Ð½Ñ‹Ðµ Ñ€Ð¾Ð»Ð¸ÐºÐ¸. ÐšÑƒÐ´Ð° Ð´ÐµÐ»ÑÑ?","[3&&Famfrit_PKB&& u/Patiffonka Ñ…Ð·, Ñ Ð¼Ð°Ñ 2022 ÐºÐ¾Ð¼Ð¼ÐµÐ½Ñ‚Ð¾Ð² Ð½Ð° Ñ€ÐµÐ´Ð´Ð¸Ñ‚Ðµ Ð½ÐµÑ‚.ÐœÐ¾Ð¶ÐµÑ‚ Ð½Ð° Ð¾Ð»Ð´Ðµ ÐºÑ‚Ð¾ Ð³Ð»ÑÐ½ÑƒÑ‚ÑŒ? ]"
[51&&KAFKA_FAN&&POST=Ð¯ ÑÑ‡Ð¸Ñ‚Ð°ÑŽ Ð¾Ñ‚Ð»Ð¸Ñ‡Ð½Ð¾Ðµ Ð¿Ñ€ÐµÐ´Ð»Ð¾Ð¶ÐµÐ½Ð¸Ðµ],"[19&&AR11010&& Ð£Ñ‡Ð¸Ñ‚Ñ‹Ð²Ð°Ñ, Ñ‡Ñ‚Ð¾ Ð¼Ñ‘Ð´ Ð½Ðµ Ð¿Ð¾Ñ€Ñ‚Ð¸Ñ‚ÑÑ ]"
[51&&KAFKA_FAN&&POST=Ð¯ ÑÑ‡Ð¸Ñ‚Ð°ÑŽ Ð¾Ñ‚Ð»Ð¸Ñ‡Ð½Ð¾Ðµ Ð¿Ñ€ÐµÐ´Ð»Ð¾Ð¶ÐµÐ½Ð¸Ðµ],"[18&&denn321&& ÐœÐ½Ðµ Ð´Ñ€ÑƒÐ³Ð°Ð½ Ð¿Ñ€Ð·Ð²Ð¾Ð½Ð¸Ð», Ð³Ð¾Ð²Ð¾Ñ€Ð¸Ñ‚ Ð²ÐµÐ´Ñ‘Ñ€ÐºÐ¾ Ð¼Ñ‘Ð´Ð° Ð½Ð°Ð´Ð¾? Ð¯ Ð¿Ð¾Ð´ÑƒÐ¼Ð°Ð» Ð° Ñ‡ÐµÐ³Ð¾ Ð±Ñ‹ Ð¸ Ð½ÐµÑ‚, Ð¿Ð°Ñ€Ð° ÐºÐ³ Ð½Ðµ Ð¿Ð¾Ð¼ÐµÑˆÐ°ÐµÑ‚ Ð¿Ð¾Ð´Ð»ÐµÑ‡Ð¸Ñ‚Ð±Ñ Ð·Ð¸Ð¼Ð¾Ð¹. Ð—Ð°Ð½Ð¾ÑÐ¸Ñ‚ Ð²ÐµÐ´Ñ€Ð¾ 25Ð»Ð¸Ñ‚Ñ€Ð¾Ð², Ð¿Ð¾Ñ‡Ñ‚Ð¸ 30ÐºÐ³... ]"
[51&&KAFKA_FAN&&POST=Ð¯ ÑÑ‡Ð¸Ñ‚Ð°ÑŽ Ð¾Ñ‚Ð»Ð¸Ñ‡Ð½Ð¾Ðµ Ð¿Ñ€ÐµÐ´Ð»Ð¾Ð¶ÐµÐ½Ð¸Ðµ],"[11&&Mihan_The_Man&& Ð¢Ð¾Ð¶Ðµ ÑÑ‡Ð¸Ñ‚Ð°ÑŽ, Ð½Ð°Ð´Ð¾ ÑÐ¾Ð³Ð»Ð°ÑˆÐ°Ñ‚ÑŒÑÑ ]"
[51&&KAFKA_FAN&&POST=Ð¯ ÑÑ‡Ð¸Ñ‚Ð°ÑŽ Ð¾Ñ‚Ð»Ð¸Ñ‡Ð½Ð¾Ðµ Ð¿Ñ€ÐµÐ´Ð»Ð¾Ð¶ÐµÐ½Ð¸Ðµ],"[8&&neonagval&& Ð’Ñ‹ Ð»ÑŽÐ±Ð¸Ñ‚Ðµ ÐšÐ°Ñ„ÐºÑƒ? Ð´Ñ, Ð¾ÑÐ¾Ð±ÐµÐ½Ð½Ð¾ Ð³Ñ€ÐµÑ„Ð½Ð¸Ð²ÑƒÑŽ! :Ð· ]"
[51&&KAFKA_FAN&&POST=Ð¯ ÑÑ‡Ð¸Ñ‚Ð°ÑŽ Ð¾Ñ‚Ð»Ð¸Ñ‡Ð½Ð¾Ðµ Ð¿Ñ€ÐµÐ´Ð»Ð¾Ð¶ÐµÐ½Ð¸Ðµ],[6&&Inostranez&& ]
[51&&KAFKA_FAN&&POST=Ð¯ ÑÑ‡Ð¸Ñ‚Ð°ÑŽ Ð¾Ñ‚Ð»Ð¸Ñ‡Ð½Ð¾Ðµ Ð¿Ñ€ÐµÐ´Ð»Ð¾Ð¶ÐµÐ½Ð¸Ðµ],"[2&&andrushka_gabov&& 131,25 ]"
[51&&KAFKA_FAN&&POST=Ð¯ ÑÑ‡Ð¸Ñ‚Ð°ÑŽ Ð¾Ñ‚Ð»Ð¸Ñ‡Ð½Ð¾Ðµ Ð¿Ñ€ÐµÐ´Ð»Ð¾Ð¶ÐµÐ½Ð¸Ðµ],[2&&VaRUSak&& Ð¢Ð°Ðº Ð° Ñ‡ÐµÐ¼ Ð·Ð°ÐºÐ¾Ð½Ñ‡Ð¸Ð»Ð¾ÑÑŒ-Ñ‚Ð¾? ]
"Ð£Ñ‡Ð¸Ñ‚Ñ‹Ð²Ð°Ñ, Ñ‡Ñ‚Ð¾ Ð¼Ñ‘Ð´ Ð½Ðµ Ð¿Ð¾Ñ€Ñ‚Ð¸Ñ‚ÑÑ","[5&&BoltsLayingMaster&& Ð’ÐµÐ´ÑŒ Ð·Ð½Ð°ÐµÑ‚Ðµ Ð¶Ðµ, Ñ‡Ñ‚Ð¾ Ð·Ð°ÑÐ°Ñ…Ð°Ñ€Ð¸Ð²Ð°ÐµÑ‚ÑÑ... ]"
"Ð’ÐµÐ´ÑŒ Ð·Ð½Ð°ÐµÑ‚Ðµ Ð¶Ðµ, Ñ‡Ñ‚Ð¾ Ð·Ð°ÑÐ°Ñ…Ð°Ñ€Ð¸Ð²Ð°ÐµÑ‚ÑÑ...",[3&&Commercial_target_1&& Ð¡Ð¼Ð¾Ñ‚Ñ€Ñ Ð³Ð´Ðµ Ð¸ Ð² Ñ‡Ñ‘Ð¼ Ñ…Ñ€Ð°Ð½Ð¸Ñ‚ÑŒ ]
"ÐœÐ½Ðµ Ð´Ñ€ÑƒÐ³Ð°Ð½ Ð¿Ñ€Ð·Ð²Ð¾Ð½Ð¸Ð», Ð³Ð¾Ð²Ð¾Ñ€Ð¸Ñ‚ Ð²ÐµÐ´Ñ‘Ñ€ÐºÐ¾ Ð¼Ñ‘Ð´Ð° Ð½Ð°Ð´Ð¾? Ð¯ Ð¿Ð¾Ð´ÑƒÐ¼Ð°Ð» Ð° Ñ‡ÐµÐ³Ð¾ Ð±Ñ‹ Ð¸ Ð½ÐµÑ‚, Ð¿Ð°Ñ€Ð° ÐºÐ³ Ð½Ðµ Ð¿Ð¾Ð¼ÐµÑˆÐ°ÐµÑ‚ Ð¿Ð¾Ð´Ð»ÐµÑ‡Ð¸Ñ‚Ð±Ñ Ð·Ð¸Ð¼Ð¾Ð¹. Ð—Ð°Ð½Ð¾ÑÐ¸Ñ‚ Ð²ÐµÐ´Ñ€Ð¾ 25Ð»Ð¸Ñ‚Ñ€Ð¾Ð², Ð¿Ð¾Ñ‡Ñ‚Ð¸ 30ÐºÐ³...",[4&&BoltsLayingMaster&& ÐšÐ¾Ð½ÐºÑ€ÐµÑ‚Ð½Ð¾ ÑÑ‚Ð¾Ñ‚ Ð¼ÐµÐ´ Ð¿Ð¾Ð»ÐµÐ·ÐµÐ½ Ð´Ð»Ñ Ð»ÐµÑ‡ÐµÐ½Ð¸Ñ Ð³Ñ€Ñ‹Ð¶ Ð¿ÑƒÐ¿Ð¾Ñ‡Ð½Ñ‹Ñ… Ð¸ Ð¼ÐµÐ¶Ð¿Ð¾Ð·Ð¿Ð¾Ð½Ð¾Ñ‡Ð½Ñ‹Ñ… ) ]
"Ð’Ñ‹ Ð»ÑŽÐ±Ð¸Ñ‚Ðµ ÐšÐ°Ñ„ÐºÑƒ? Ð´Ñ, Ð¾ÑÐ¾Ð±ÐµÐ½Ð½Ð¾ Ð³Ñ€ÐµÑ„Ð½Ð¸Ð²ÑƒÑŽ! :Ð·",[4&&Natural-Point5728&& ÐšÑ‚Ð¾ Ñ‚Ñ‹? -Ð¯ ÐŸÐ¸Ð»Ð°Ñ‚. ÐšÐ°Ð»Ð¸Ð±ÑÐºÐ¾Ð³Ð¾ Ð¼Ð¾Ð»Ñ? -ÐÐµÑ‚. ÐŸÐ¾Ð½Ñ‚Ð¸Ð¹ ÐŸÐ¸Ð»Ð°Ñ‚. ]
[29&&_Turron&&POST=Ð¡Ñ‚Ð°Ñ€Ñ‚Ð°Ð¿ÐµÑ€Ð°Ð¼ Ð½Ð° Ð·Ð°Ð¼ÐµÑ‚ÐºÑƒ],[21&&_d0nate110_&& ÐŸÑ€ÑÐ¼Ð¾ ÐºÐ°Ðº Ð² 12 ÑÑ‚ÑƒÐ»ÑŒÑÑ… Ð² Ð¼Ð¾ÑÐºÐ¾Ð²ÑÐºÐ¾Ð¼ Ð¾Ð±Ñ‰ÐµÐ¶Ð¸Ñ‚Ð¸Ð¸ Ñ…Ð¸Ð¼Ð¸ÐºÐ¾Ð² Ð¸Ð¼ÐµÐ½Ð¸ Ð¡ÐµÐ¼Ð°ÑˆÐºÐ¾. ]
[29&&_Turron&&POST=Ð¡Ñ‚Ð°Ñ€Ñ‚Ð°Ð¿ÐµÑ€Ð°Ð¼ Ð½Ð° Ð·Ð°Ð¼ÐµÑ‚ÐºÑƒ],[15&&Hachapury88&& Ð·Ð°Ð¼ÐµÑ‡Ð°Ñ‚ÐµÐ»ÑŒÐ½Ð¾ Ð¸ Ð²ÑÑ ÑÑ‚Ð° Ñ€Ð°Ð´Ð¾ÑÑ‚ÑŒ Ñ Ð¾Ð±Ñ‰Ð¸Ð¼ ÑÐ¾Ñ€Ñ‚Ð¸Ñ€Ð¾Ð¼ Ð¸ Ð´ÑƒÑˆÐµÐ¼ ]
[29&&_Turron&&POST=Ð¡Ñ‚Ð°Ñ€Ñ‚Ð°Ð¿ÐµÑ€Ð°Ð¼ Ð½Ð° Ð·Ð°Ð¼ÐµÑ‚ÐºÑƒ],"[9&&Kassandra_gg&& ÐÐ¾Ñ€Ð¼Ð°Ð»ÑŒÐ½Ð°Ñ Ñ‚Ð°ÐºÐ°Ñ Ñ…Ð°Ñ‚Ð°, 150 ÐºÐ²Ð°Ð´Ñ€Ð°Ñ‚Ð¾Ð² ]"
[29&&_Turron&&POST=Ð¡Ñ‚Ð°Ñ€Ñ‚Ð°Ð¿ÐµÑ€Ð°Ð¼ Ð½Ð° Ð·Ð°Ð¼ÐµÑ‚ÐºÑƒ],"[4&&Polskimadafaka&& Ðž, ÑÑ‚ Ð’Ñ€Ð¾Ñ†Ð»Ð°Ð². ÐÐ° Ð·Ð°Ð¼ÐµÑ‚ÐºÑƒ Ð¾Ð´Ð¸Ð½ Ð¸Ð· ÑÐ°Ð¼Ñ‹Ñ… Ð´Ð¾Ñ€Ð¾Ð³Ð¸Ñ… Ð¸ Ð±ÑŽÑ€Ð¾ÐºÑ€Ð°Ñ‚Ð¸Ñ‡ÐµÑÐºÐ¸ Ð·Ð°ÐµÐ±Ð°Ð½Ñ‹Ñ… Ð³Ð¾Ñ€Ð¾Ð´Ð¾Ð² ÐŸÐ¾Ð»ÑŒÑˆÐ¸. ÐÐ¾ ÐºÑ€Ð°ÑÐ¸Ð²Ñ‹Ð¹, ÑˆÐ¾ Ð¿Ð¸ÑÐµÑ† ]"
[29&&_Turron&&POST=Ð¡Ñ‚Ð°Ñ€Ñ‚Ð°Ð¿ÐµÑ€Ð°Ð¼ Ð½Ð° Ð·Ð°Ð¼ÐµÑ‚ÐºÑƒ],"[3&&Average-sun-enjoyer&& Ð² Ñ‚Ð¾ Ð¶Ðµ ÑÐ°Ð¼Ð¾Ðµ Ð²Ñ€ÐµÐ¼Ñ, ÐºÐ¾Ð³Ð´Ð° Ð±Ð¾Ð³Ð°Ñ‚Ñ‹Ðµ ÑÑ‚Ð°Ð½Ð¾Ð²ÑÑ‚ÑÑ ÐµÑ‰Ðµ Ð±Ð¾Ð³Ð°Ñ‡Ðµ ]"
[29&&_Turron&&POST=Ð¡Ñ‚Ð°Ñ€Ñ‚Ð°Ð¿ÐµÑ€Ð°Ð¼ Ð½Ð° Ð·Ð°Ð¼ÐµÑ‚ÐºÑƒ],"[3&&Elianer_Wargrave&& ÐÑƒ, ÐµÑÐ»Ð¸ Ð»ÑŽÐ´Ð¸ Ð³Ð¾Ñ‚Ð¾Ð²Ñ‹ Ð¿Ð»Ð°Ñ‚Ð¸Ñ‚ÑŒ 30 Ñ‚Ñ‹Ñ‰ Ð² Ð¼ÐµÑÑÑ†, Ñ‡Ñ‚Ð¾Ð±Ñ‹ Ð¶Ð¸Ñ‚ÑŒ Ð²Ð¾ Ð’Ñ€Ð¾Ñ†Ð»Ð°Ð²Ðµ Ð²Ð¾Ñ‚ Ð² Ñ‚Ð°ÐºÐ¸Ñ… ÑƒÑÐ»Ð¾Ð²Ð¸ÑÑ…, Ñ‚Ð°Ð¼, Ð¿Ð¾Ñ…Ð¾Ð´Ñƒ, Ð»ÑƒÑ‡ÑˆÐµ, Ñ‡ÐµÐ¼ Ð² Ð¢ÑŽÐ¼ÐµÐ½Ð¸. ]"
[29&&_Turron&&POST=Ð¡Ñ‚Ð°Ñ€Ñ‚Ð°Ð¿ÐµÑ€Ð°Ð¼ Ð½Ð° Ð·Ð°Ð¼ÐµÑ‚ÐºÑƒ],[3&&Kritzien&& ÐšÐ°Ðº-Ñ‚Ð¾ Ð´Ð¾Ñ€Ð¾Ð³Ð¾Ð²Ð°Ñ‚Ð¾ Ð² Ð¼ÐµÑÑÑ† Ð·Ð° ÐºÐ¾Ð½ÑƒÑ€Ñƒ Ñ Ð¾Ð±Ñ‰Ð¸Ð¼ Ñ‚Ð¾Ð»Ñ‡ÐºÐ¾Ð¼. ]
ÐŸÑ€ÑÐ¼Ð¾ ÐºÐ°Ðº Ð² 12 ÑÑ‚ÑƒÐ»ÑŒÑÑ… Ð² Ð¼Ð¾ÑÐºÐ¾Ð²ÑÐºÐ¾Ð¼ Ð¾Ð±Ñ‰ÐµÐ¶Ð¸Ñ‚Ð¸Ð¸ Ñ…Ð¸Ð¼Ð¸ÐºÐ¾Ð² Ð¸Ð¼ÐµÐ½Ð¸ Ð¡ÐµÐ¼Ð°ÑˆÐºÐ¾.,[5&&LumpyRU&& ÐÐµ Ð‘ÐµÑ€Ñ‚Ð¾Ð»ÑŒÐ´Ð° Ð¨Ð²Ð°Ñ€Ñ†Ð°? ]
ÐÐµ Ð‘ÐµÑ€Ñ‚Ð¾Ð»ÑŒÐ´Ð° Ð¨Ð²Ð°Ñ€Ñ†Ð°?,"[1&&_d0nate110_&& Ð§ÐµÑ€ÐµÐ· Ð¿Ð¾Ð»Ñ‡Ð°ÑÐ° Ð´Ð²Ð¸Ð¶ÐµÐ½Ð¸Ðµ Ð±Ñ‹Ð»Ð¾ ÑƒÑ€ÐµÐ³ÑƒÐ»Ð¸Ñ€Ð¾Ð²Ð°Ð½Ð¾, Ð¸ Ð¿ÑƒÑ‚Ð½Ð¸ÐºÐ¸ Ñ‡ÐµÑ€ÐµÐ· Ð’Ð¾Ð·Ð´Ð²Ð¸Ð¶ÐµÐ½ÐºÑƒ Ð²Ñ‹ÐµÑ…Ð°Ð»Ð¸ Ð½Ð° ÐÑ€Ð±Ð°Ñ‚ÑÐºÑƒÑŽ Ð¿Ð»Ð¾Ñ‰Ð°Ð´ÑŒ, Ð¿Ñ€Ð¾ÐµÑ…Ð°Ð»Ð¸ Ð¿Ð¾ ÐŸÑ€ÐµÑ‡Ð¸ÑÑ‚ÐµÐ½ÑÐºÐ¾Ð¼Ñƒ Ð±ÑƒÐ»ÑŒÐ²Ð°Ñ€Ñƒ Ð¸, ÑÐ²ÐµÑ€Ð½ÑƒÐ² Ð½Ð°Ð¿Ñ€Ð°Ð²Ð¾, Ð¾Ñ‡ÑƒÑ‚Ð¸Ð»Ð¸ÑÑŒ Ð½Ð° Ð¡Ð¸Ð²Ñ†ÐµÐ²Ð¾Ð¼ Ð’Ñ€Ð°Ð¶ÐºÐµ. â€” ÐÐ°Ð¿Ñ€Ð°Ð²Ð¾, Ðº Ð¿Ð¾Ð´ÑŠÐµÐ·Ð´Ñƒ, â€” ÑÐºÐ°Ð·Ð°Ð» ÐžÑÑ‚Ð°Ð¿. â€” Ð’Ñ‹Ð»ÐµÐ·Ð°Ð¹Ñ‚Ðµ, ÐšÐ¾Ð½Ñ€Ð°Ð´ ÐšÐ°Ñ€Ð»Ð¾Ð²Ð¸Ñ‡, Ð¿Ñ€Ð¸ÐµÑ…Ð°Ð»Ð¸! â€” Ð§Ñ‚Ð¾ ÑÑ‚Ð¾ Ð·Ð° Ð´Ð¾Ð¼? â€” ÑÐ¿Ñ€Ð¾ÑÐ¸Ð» Ð˜Ð¿Ð¿Ð¾Ð»Ð¸Ñ‚ ÐœÐ°Ñ‚Ð²ÐµÐµÐ²Ð¸Ñ‡. ÐžÑÑ‚Ð°Ð¿ Ð¿Ð¾ÑÐ¼Ð¾Ñ‚Ñ€ÐµÐ» Ð½Ð° Ñ€Ð¾Ð·Ð¾Ð²Ñ‹Ð¹ Ð´Ð¾Ð¼Ð¸Ðº Ñ Ð¼ÐµÐ·Ð¾Ð½Ð¸Ð½Ð¾Ð¼ Ð¸ Ð¾Ñ‚Ð²ÐµÑ‚Ð¸Ð»: â€” ÐžÐ±Ñ‰ÐµÐ¶Ð¸Ñ‚Ð¸Ðµ ÑÑ‚ÑƒÐ´ÐµÐ½Ñ‚Ð¾Ð²-Ñ…Ð¸Ð¼Ð¸ÐºÐ¾Ð², Ð¸Ð¼ÐµÐ½Ð¸ Ð¼Ð¾Ð½Ð°Ñ…Ð° Ð‘ÐµÑ€Ñ‚Ð¾Ð»ÑŒÐ´Ð° Ð¨Ð²Ð°Ñ€Ñ†Ð°. â€” ÐÐµÑƒÐ¶ÐµÐ»Ð¸ Ð¼Ð¾Ð½Ð°Ñ…Ð°? â€” ÐÑƒ, Ð¿Ð¾ÑˆÑƒÑ‚Ð¸Ð», Ð¿Ð¾ÑˆÑƒÑ‚Ð¸Ð». Ð˜Ð¼ÐµÐ½Ð¸ Ñ‚Ð¾Ð²Ð°Ñ€Ð¸Ñ‰Ð° Ð¡ÐµÐ¼Ð°ÑˆÐºÐ¾. ÐšÐ°Ðº Ð¸ Ð¿Ð¾Ð»Ð°Ð³Ð°ÐµÑ‚ÑÑ Ñ€ÑÐ´Ð¾Ð²Ð¾Ð¼Ñƒ ÑÑ‚ÑƒÐ´ÐµÐ½Ñ‡ÐµÑÐºÐ¾Ð¼Ñƒ Ð¾Ð±Ñ‰ÐµÐ¶Ð¸Ñ‚Ð¸ÑŽ Ð² ÐœÐ¾ÑÐºÐ²Ðµ, Ð¾Ð±Ñ‰ÐµÐ¶Ð¸Ñ‚Ð¸Ðµ ÑÑ‚ÑƒÐ´ÐµÐ½Ñ‚Ð¾Ð²-Ñ…Ð¸Ð¼Ð¸ÐºÐ¾Ð² Ð´Ð°Ð²Ð½Ð¾ ÑƒÐ¶Ðµ Ð±Ñ‹Ð»Ð¾ Ð·Ð°ÑÐµÐ»ÐµÐ½Ð¾ Ð»ÑŽÐ´ÑŒÐ¼Ð¸, Ð¸Ð¼ÐµÑŽÑ‰Ð¸Ð¼Ð¸ Ðº Ñ…Ð¸Ð¼Ð¸Ð¸ Ð´Ð¾Ð²Ð¾Ð»ÑŒÐ½Ð¾ Ð¾Ñ‚Ð´Ð°Ð»ÐµÐ½Ð½Ð¾Ðµ Ð¾Ñ‚Ð½Ð¾ÑˆÐµÐ½Ð¸Ðµ ]"
"ÐÐ¾Ñ€Ð¼Ð°Ð»ÑŒÐ½Ð°Ñ Ñ‚Ð°ÐºÐ°Ñ Ñ…Ð°Ñ‚Ð°, 150 ÐºÐ²Ð°Ð´Ñ€Ð°Ñ‚Ð¾Ð²","[1&&CTAKAHbI4&& Ð¢Ð°Ð¼ Ð²Ñ€Ð¾Ð´Ðµ Ð±Ñ‹ Ñ‚ÐµÐºÑÑ‚ Ñ‡ÑƒÑ‚ÐºÐ° Ð¿Ð¸Ð·Ð´Ð¸Ñ‚, ÐºÐ°Ð¼Ð¾Ñ€ÐºÐ¸ Ð½Ðµ Ð¿Ð¾ 6 Ð° Ð¿Ð¾ 3 ÐºÐ²Ð°Ð´Ñ€Ð°Ñ‚Ð°. ÐÐ¾ Ð²ÑÑ‘ Ñ€Ð°Ð²Ð½Ð¾ ÐºÐ²Ð°Ñ€Ñ‚Ð¸Ñ€ÐºÐ° Ð½Ð¾Ñ€Ð¼Ð°Ð»ÑŒÐ½Ð°Ñ. ]"
"Ð¢Ð°Ð¼ Ð²Ñ€Ð¾Ð´Ðµ Ð±Ñ‹ Ñ‚ÐµÐºÑÑ‚ Ñ‡ÑƒÑ‚ÐºÐ° Ð¿Ð¸Ð·Ð´Ð¸Ñ‚, ÐºÐ°Ð¼Ð¾Ñ€ÐºÐ¸ Ð½Ðµ Ð¿Ð¾ 6 Ð° Ð¿Ð¾ 3 ÐºÐ²Ð°Ð´Ñ€Ð°Ñ‚Ð°. ÐÐ¾ Ð²ÑÑ‘ Ñ€Ð°Ð²Ð½Ð¾ ÐºÐ²Ð°Ñ€Ñ‚Ð¸Ñ€ÐºÐ° Ð½Ð¾Ñ€Ð¼Ð°Ð»ÑŒÐ½Ð°Ñ.","[4&&BoltsLayingMaster&& Ð—Ð´Ñ€Ð°Ð²ÑÑ‚Ð²ÑƒÐ¹Ñ‚Ðµ, Ñ ÐžÐ»ÐµÐ³. Ð£Ñ€Ð¾Ð²ÐµÐ½ÑŒ Ð¿Ð¸Ð·Ð´ÐµÐ¶Ð° Ð¾Ñ†ÐµÐ½Ð¸Ð²Ð°ÑŽ Ð¾Ñ‚ Ð¿Ð¾Ð»ÑƒÑ‚Ð¾Ñ€Ð½Ð¾Ð³Ð¾ Ð´Ð¾ Ð´Ð²ÑƒÑ…ÐºÐ°Ñ‚Ð½Ð¾Ð³Ð¾. ÐŸÐ»Ð¾Ñ‰Ð°Ð´ÑŒ ÐºÑ€Ð¾Ð²Ð°Ñ‚Ð¸ Ð¾ÐºÐ¾Ð»Ð¾ 1.6Ð¼Â² - ÐºÐ¾Ð¼Ð½Ð°Ñ‚Ñ‹ Ð²Ð¸Ð·ÑƒÐ°Ð»ÑŒÐ½Ð¾ Ð½ÐµÐ¼Ð½Ð¾Ð³Ð¾ Ð±Ð¾Ð»ÑŒÑˆÐµ Ð¿Ð»Ð¾Ñ‰Ð°Ð´Ð¸ Ð´Ð²ÑƒÑ… ÐºÑ€Ð¾Ð²Ð°Ñ‚ÐµÐ¹. ]"
"Ð¢Ð°Ð¼ Ð²Ñ€Ð¾Ð´Ðµ Ð±Ñ‹ Ñ‚ÐµÐºÑÑ‚ Ñ‡ÑƒÑ‚ÐºÐ° Ð¿Ð¸Ð·Ð´Ð¸Ñ‚, ÐºÐ°Ð¼Ð¾Ñ€ÐºÐ¸ Ð½Ðµ Ð¿Ð¾ 6 Ð° Ð¿Ð¾ 3 ÐºÐ²Ð°Ð´Ñ€Ð°Ñ‚Ð°. ÐÐ¾ Ð²ÑÑ‘ Ñ€Ð°Ð²Ð½Ð¾ ÐºÐ²Ð°Ñ€Ñ‚Ð¸Ñ€ÐºÐ° Ð½Ð¾Ñ€Ð¼Ð°Ð»ÑŒÐ½Ð°Ñ.","[1&&Anaesthesia13&& Ð¢Ð¾Ð³Ð´Ð° 75 Ð²Ñ‹Ñ…Ð¾Ð´Ð¸Ñ‚, Ð¿Ð»ÑŽÑ ÐºÑƒÑ…Ð½Ñ Ð¸ ÑÐ°Ð½ÑƒÐ·ÐµÐ». Ð’ Ð¼Ð¸Ñ€Ðµ Ð½Ð¸ Ð¾Ð´Ð½Ð° Ð·Ð°Ñ€Ð°Ð·Ð° Ð½Ðµ Ð¼Ð¾Ð¶ÐµÑ‚ Ð¶Ð¸Ñ‚ÑŒ Ð±ÐµÐ· ÑƒÐ½Ð¸Ñ‚Ð°Ð·Ð°. ]"
"ÐÑƒ, ÐµÑÐ»Ð¸ Ð»ÑŽÐ´Ð¸ Ð³Ð¾Ñ‚Ð¾Ð²Ñ‹ Ð¿Ð»Ð°Ñ‚Ð¸Ñ‚ÑŒ 30 Ñ‚Ñ‹Ñ‰ Ð² Ð¼ÐµÑÑÑ†, Ñ‡Ñ‚Ð¾Ð±Ñ‹ Ð¶Ð¸Ñ‚ÑŒ Ð²Ð¾ Ð’Ñ€Ð¾Ñ†Ð»Ð°Ð²Ðµ Ð²Ð¾Ñ‚ Ð² Ñ‚Ð°ÐºÐ¸Ñ… ÑƒÑÐ»Ð¾Ð²Ð¸ÑÑ…, Ñ‚Ð°Ð¼, Ð¿Ð¾Ñ…Ð¾Ð´Ñƒ, Ð»ÑƒÑ‡ÑˆÐµ, Ñ‡ÐµÐ¼ Ð² Ð¢ÑŽÐ¼ÐµÐ½Ð¸.",[2&&Zhelezjaka&& Ð° ÐºÐ°ÐºÐ¸Ðµ ÐµÑ‰Ñ‘ Ð³Ð¾Ñ€Ð¾Ð´Ð° Ð¿Ñ€Ð¸Ð½Ð¸Ð¼Ð°Ð»Ð¸ ÑƒÑ‡Ð°ÑÑ‚Ð¸Ðµ?:) ]
Ð° ÐºÐ°ÐºÐ¸Ðµ ÐµÑ‰Ñ‘ Ð³Ð¾Ñ€Ð¾Ð´Ð° Ð¿Ñ€Ð¸Ð½Ð¸Ð¼Ð°Ð»Ð¸ ÑƒÑ‡Ð°ÑÑ‚Ð¸Ðµ?:),"[3&&Anaesthesia13&& Ð Ñ‡Ñ‚Ð¾, Ð½Ð°Ð´Ð¾ ÐµÑ‰Ðµ ÐºÐ°ÐºÐ¸Ðµ-Ñ‚Ð¾?)) ]"
[32&&ProstoKote&&POST=ÐŸÑƒÑ‚ÐµÑˆÐµÑÑ‚Ð²ÐµÐ½Ð½Ð¸Ðº.],"[1&&alxumuk&& Ð•Ð¼Ñƒ, Ð½Ð°Ð²ÐµÑ€Ð½Ð¾Ðµ, Ð² Ð´Ð¾ÑÐ¿ÐµÑ…Ðµ Ñ…Ð¾Ð»Ð¾Ð´Ð½Ð¾. ]"
[32&&ProstoKote&&POST=ÐŸÑƒÑ‚ÐµÑˆÐµÑÑ‚Ð²ÐµÐ½Ð½Ð¸Ðº.],[2&&notboycot&& ]
[32&&ProstoKote&&POST=ÐŸÑƒÑ‚ÐµÑˆÐµÑÑ‚Ð²ÐµÐ½Ð½Ð¸Ðº.],"[1&&Xenia_Xenia_&& Ð­Ñ‚Ð¾ Ð°Ñ‡Ð¸Ð²ÐºÐ¸, Ð° Ð½Ðµ Ð¿Ñ€Ð¾ÑÑ‚Ð¾ Ð¼Ð°Ð³Ð½Ð¸Ñ‚Ð¸ÐºÐ¸ðŸ˜ˆ ]"
"Ð•Ð¼Ñƒ, Ð½Ð°Ð²ÐµÑ€Ð½Ð¾Ðµ, Ð² Ð´Ð¾ÑÐ¿ÐµÑ…Ðµ Ñ…Ð¾Ð»Ð¾Ð´Ð½Ð¾.",[1&&ProstoKote&& Ð—Ð°Ñ‚Ð¾ Ð²ÑÑ‘ ÑÐ²ÐµÐ¶ÐµÐµ! ]
[60&&DolbitSurround&&POST=ÐŸÐ¾Ð´Ð²ÐµÑÐºÐ°],"[3&&Vl4dmirRus&& Ð´Ð¾Ð±Ñ€Ðµ, Ð´Ð¾Ð±Ñ€Ðµ. ]"
[60&&DolbitSurround&&POST=ÐŸÐ¾Ð´Ð²ÐµÑÐºÐ°],[1&&RECabu&& Ð—Ð°Ð¿Ð¸ÑÐ°Ð» Ð½Ð° Ð²Ð¸Ð´ÐµÐ¾ÐºÐ°ÑÑÐµÑ‚Ñƒ Ð¡ÑƒÐºÐ° Ð»ÑŽÐ±Ð¾Ð²ÑŒ Info | GitHub ]
[70&&CTAKAHbI4&&POST=Ð ÐµÑ‚Ñ€Ð¾Ñ†Ð¸Ð½Ð¸Ðº. Ð”ÐµÐ¼Ð¾Ð½-Ñ…Ñ€Ð°Ð½Ð¸Ñ‚ÐµÐ»ÑŒ [ÑÐ»Ð°Ð¹Ð´ÐµÑ€]],[38&&CTAKAHbI4&& Ð‘Ð¾Ð½ÑƒÑ: Ð¡Ð¿Ð¸Ð·Ð¶ÐµÐ½Ð¾ Ð¸Ð· Ñ‚ÐµÐ»ÐµÐ³Ð¸ Ð¦Ð¸Ð½Ð¸ÐºÐ° t.me/cynicmansion ]
[70&&CTAKAHbI4&&POST=Ð ÐµÑ‚Ñ€Ð¾Ñ†Ð¸Ð½Ð¸Ðº. Ð”ÐµÐ¼Ð¾Ð½-Ñ…Ñ€Ð°Ð½Ð¸Ñ‚ÐµÐ»ÑŒ [ÑÐ»Ð°Ð¹Ð´ÐµÑ€]],[1&&notboycot&& Ð´ÐµÐ¼Ð¾Ð½-Ñ…Ð¾Ñ€Ð¾Ð½Ð¸Ñ‚ÐµÐ»ÑŒ ]
Ð‘Ð¾Ð½ÑƒÑ: Ð¡Ð¿Ð¸Ð·Ð¶ÐµÐ½Ð¾ Ð¸Ð· Ñ‚ÐµÐ»ÐµÐ³Ð¸ Ð¦Ð¸Ð½Ð¸ÐºÐ° t.me/cynicmansion,[2&&Trump-o-lantern&& ]
[98&&Express_Rub_8588&&POST=Ð—Ð»Ð¾ÑÑ‚Ð½Ñ‹Ð¹ Ñ€ÐµÑ†Ð¸Ð´Ð¸Ð²Ð¸ÑÑ‚ðŸ˜],"[10&&Avreliy13&& Ð½Ñƒ Ñƒ Ñ‚ÐµÐ±Ñ Ð¸ Ñ€Ð¾Ð¶Ð°, Ð¨Ð°Ñ€Ð°Ð¿Ð¾Ð²... ]"
[98&&Express_Rub_8588&&POST=Ð—Ð»Ð¾ÑÑ‚Ð½Ñ‹Ð¹ Ñ€ÐµÑ†Ð¸Ð´Ð¸Ð²Ð¸ÑÑ‚ðŸ˜],"[7&&Sea-Cheesecake-5527&& Ð”Ð¶Ð¾ Ð¢Ñ€Ð¸Ð±Ð±Ð¸Ð°Ð½Ð¸: ""Ð­Ð¢Ðž Ð½Ðµ ÐºÐ¾ÑˆÐºÐ°"". ]"
[98&&Express_Rub_8588&&POST=Ð—Ð»Ð¾ÑÑ‚Ð½Ñ‹Ð¹ Ñ€ÐµÑ†Ð¸Ð´Ð¸Ð²Ð¸ÑÑ‚ðŸ˜],[3&&RECabu&& Ð—Ð°Ð¿Ð¸ÑÐ°Ð» Ð½Ð° Ð²Ð¸Ð´ÐµÐ¾ÐºÐ°ÑÑÐµÑ‚Ñƒ Ð¡Ñ‚Ñ€Ð°Ñ… Ð¸ Ð½ÐµÐ½Ð°Ð²Ð¸ÑÑ‚ÑŒ Ð² Ð›Ð°Ñ Ð’ÐµÐ³Ð°ÑÐµ Info | GitHub ]
[98&&Express_Rub_8588&&POST=Ð—Ð»Ð¾ÑÑ‚Ð½Ñ‹Ð¹ Ñ€ÐµÑ†Ð¸Ð´Ð¸Ð²Ð¸ÑÑ‚ðŸ˜],[5&&Casper_1313&& ÐÑƒ Ð½Ð¸ ÐºÐ°Ð¿Ð»Ð¸ Ñ€Ð°ÑÐºÐ°Ð¸Ð²Ð°Ð½Ð¸Ñ Ð² ÑÑ‚Ð¾Ð¼ Ð²Ð·Ð³Ð»ÑÐ´Ðµ! ]
[98&&Express_Rub_8588&&POST=Ð—Ð»Ð¾ÑÑ‚Ð½Ñ‹Ð¹ Ñ€ÐµÑ†Ð¸Ð´Ð¸Ð²Ð¸ÑÑ‚ðŸ˜],[2&&AlienUF0&& Ð‘Ð¾Ñ€Ñ..!!! ]
[98&&Express_Rub_8588&&POST=Ð—Ð»Ð¾ÑÑ‚Ð½Ñ‹Ð¹ Ñ€ÐµÑ†Ð¸Ð´Ð¸Ð²Ð¸ÑÑ‚ðŸ˜],"[5&&Bublik333&& ÐÐµÑ‚. ÐŸÑ€Ð¾ÑÑ‚Ð¾ Ñ…Ð¾Ð·ÑÐµÐ²Ð° ÐºÐ¾Ñ‚Ð° - Ð´Ð¾Ð»Ð±Ð¾Ñ‘Ð±Ñ‹, Ð¸Ð±Ð¾ Ð¿Ð¾Ñ…Ð¾Ð¶Ðµ Ñ‡Ñ‚Ð¾ ÐºÐ¾Ñ‚ ÑÐ²Ð¾Ð±Ð¾Ð´Ð½Ð¾ Ñ…Ð¾Ð´Ð¸Ñ‚ Ð¿Ð¾ Ð¶Ñ€Ð°Ð»ÑŒÐ½Ñ‹Ð¼ Ð¿Ð¾Ð²ÐµÑ€Ñ…Ð½Ð¾ÑÑ‚ÑÐ¼. ]"
[98&&Express_Rub_8588&&POST=Ð—Ð»Ð¾ÑÑ‚Ð½Ñ‹Ð¹ Ñ€ÐµÑ†Ð¸Ð´Ð¸Ð²Ð¸ÑÑ‚ðŸ˜],"[3&&Sacred_desert&& Ð£ Ð¼ÐµÐ½Ñ ÐºÐ¾ÑˆÐºÐ° Ð²Ð¾Ð¾Ð±Ñ‰Ðµ Ð½Ðµ ÐµÑÑ‚ Ð½Ð¸Ñ‡ÐµÐ³Ð¾ ÐºÑ€Ð¾Ð¼Ðµ ÐºÐ¾Ñ€Ð¼Ð°, Ñ‡Ñ‚Ð¾ Ð±Ñ‹ ÐµÐ¹ Ð² Ð¼Ð¾Ñ€Ð´Ñƒ Ð½Ðµ ÑÐ¾Ð²Ð°Ð»Ð¸ - Ð½Ð¸ ÑÐ¼ÐµÑ‚Ð°Ð½Ñ‹, Ð½Ð¸ Ñ€Ñ‹Ð±Ñ‹, Ð½Ð¸ ÐºÐ¾Ð»Ð±Ð°ÑÑ‹, Ð´Ð° Ð¸ ÐºÐ¾Ñ€Ð¼ Ð½Ðµ Ð²ÑÑÐºÐ¸Ð¹ ÐµÑÑ‚, Ð´Ð°Ð¶Ðµ Ð¾Ñ‚ Ð½ÐµÐºÐ¾Ñ‚Ð¾Ñ€Ð¾Ð³Ð¾ Ð¿Ñ€ÐµÐ¼Ð¸Ð°Ð»ÑŒÐ½Ð¾Ð³Ð¾ Ð½Ð¾Ñ Ð²Ð¾Ñ€Ð¾Ñ‚Ð¸Ñ‚. ]"
[98&&Express_Rub_8588&&POST=Ð—Ð»Ð¾ÑÑ‚Ð½Ñ‹Ð¹ Ñ€ÐµÑ†Ð¸Ð´Ð¸Ð²Ð¸ÑÑ‚ðŸ˜],[0&&zheka100pudov&& ÐŸÑƒÑÑ‚ÑŒ ÑÐºÐ°Ð¶ÑƒÑ‚ ÑÐ¿Ð°ÑÐ¸Ð±Ð¾ Ñ‡Ñ‚Ð¾ Ð·Ð°Ð´Ð½Ð¸Ñ†Ð° Ð½Ðµ Ð² ÐµÐ´Ðµ. ]
ÐÑƒ Ð½Ð¸ ÐºÐ°Ð¿Ð»Ð¸ Ñ€Ð°ÑÐºÐ°Ð¸Ð²Ð°Ð½Ð¸Ñ Ð² ÑÑ‚Ð¾Ð¼ Ð²Ð·Ð³Ð»ÑÐ´Ðµ!,[2&&Barabashka-76&& Ð—Ð°Ñ‚Ð¾ Ð¾Ñ‡ÐµÐ½ÑŒ-Ð¾Ñ‡ÐµÐ½ÑŒ Ð¼Ð½Ð¾Ð³Ð¾ Ð¾Ð±ÐµÑ‰Ð°Ð½Ð¸Ñ Ð¾Ñ‚Ð¾Ð¼ÑÑ‚Ð¸Ñ‚ÑŒ... ]
"ÐÐµÑ‚. ÐŸÑ€Ð¾ÑÑ‚Ð¾ Ñ…Ð¾Ð·ÑÐµÐ²Ð° ÐºÐ¾Ñ‚Ð° - Ð´Ð¾Ð»Ð±Ð¾Ñ‘Ð±Ñ‹, Ð¸Ð±Ð¾ Ð¿Ð¾Ñ…Ð¾Ð¶Ðµ Ñ‡Ñ‚Ð¾ ÐºÐ¾Ñ‚ ÑÐ²Ð¾Ð±Ð¾Ð´Ð½Ð¾ Ñ…Ð¾Ð´Ð¸Ñ‚ Ð¿Ð¾ Ð¶Ñ€Ð°Ð»ÑŒÐ½Ñ‹Ð¼ Ð¿Ð¾Ð²ÐµÑ€Ñ…Ð½Ð¾ÑÑ‚ÑÐ¼.","[6&&alxumuk&& Ð—Ñ€Ñ Ð´ÐµÐ»Ð¾ ÑˆÑŒÐµÑˆÑŒ, Ð½Ð°Ñ‡Ð°Ð»ÑŒÐ½Ð¸Ðº. ÐÐ¸Ð³Ð´Ðµ Ð½Ð¸Ñ‡ÐµÐ³Ð¾ Ð½Ðµ Ñ…Ð¾Ð´Ð¸Ð». Ð˜ Ð²Ð¾Ð¾Ð±Ñ‰Ðµ Ð¼ÐµÐ½Ñ Ð¿Ð¾Ð´ÑÑ‚Ð°Ð²Ð¸Ð»Ð¸. Ð Ð¿Ñ€Ð¾ÑˆÐ»Ñ‹Ðµ Ñ…Ð¾Ð´ÐºÐ¸ ÑƒÐ¶Ðµ Ð² Ð¿Ñ€Ð¾ÑˆÐ»Ð¾Ð¼. ]"
"Ð£ Ð¼ÐµÐ½Ñ ÐºÐ¾ÑˆÐºÐ° Ð²Ð¾Ð¾Ð±Ñ‰Ðµ Ð½Ðµ ÐµÑÑ‚ Ð½Ð¸Ñ‡ÐµÐ³Ð¾ ÐºÑ€Ð¾Ð¼Ðµ ÐºÐ¾Ñ€Ð¼Ð°, Ñ‡Ñ‚Ð¾ Ð±Ñ‹ ÐµÐ¹ Ð² Ð¼Ð¾Ñ€Ð´Ñƒ Ð½Ðµ ÑÐ¾Ð²Ð°Ð»Ð¸ - Ð½Ð¸ ÑÐ¼ÐµÑ‚Ð°Ð½Ñ‹, Ð½Ð¸ Ñ€Ñ‹Ð±Ñ‹, Ð½Ð¸ ÐºÐ¾Ð»Ð±Ð°ÑÑ‹, Ð´Ð° Ð¸ ÐºÐ¾Ñ€Ð¼ Ð½Ðµ Ð²ÑÑÐºÐ¸Ð¹ ÐµÑÑ‚, Ð´Ð°Ð¶Ðµ Ð¾Ñ‚ Ð½ÐµÐºÐ¾Ñ‚Ð¾Ñ€Ð¾Ð³Ð¾ Ð¿Ñ€ÐµÐ¼Ð¸Ð°Ð»ÑŒÐ½Ð¾Ð³Ð¾ Ð½Ð¾Ñ Ð²Ð¾Ñ€Ð¾Ñ‚Ð¸Ñ‚.","[1&&Avreliy13&& Ñ€ÐµÐ´ÐºÐ¾ Ð¾Ð½Ð° Ð³Ð¾Ð»Ð¾Ð´Ð½Ð°Ñ Ð±Ñ‹Ð²Ð°ÐµÑ‚, Ð¿Ð¾Ð´Ð¾Ð·Ñ€ÐµÐ²Ð°ÑŽ... ]"
"Ñ€ÐµÐ´ÐºÐ¾ Ð¾Ð½Ð° Ð³Ð¾Ð»Ð¾Ð´Ð½Ð°Ñ Ð±Ñ‹Ð²Ð°ÐµÑ‚, Ð¿Ð¾Ð´Ð¾Ð·Ñ€ÐµÐ²Ð°ÑŽ...","[5&&Sacred_desert&& ÐžÐ½Ð° Ð³Ð¾Ð»Ð¾Ð´Ð°Ñ‚ÑŒ Ð¼Ð¾Ð¶ÐµÑ‚ 4 Ð´Ð½Ñ Ð¿Ð¾Ð´Ñ€ÑÐ´, ÐµÑÐ»Ð¸ ÐºÐ¾Ñ€Ð¼ Ð² Ð¼Ð¸ÑÐºÐµ ÐµÑ‘ Ð½Ðµ ÑƒÑÑ‚Ñ€Ð°Ð¸Ð²Ð°ÐµÑ‚. Ð”Ð¾Ð»ÑŒÑˆÐµ Ð½Ðµ Ð¿Ñ€Ð¾Ð²ÐµÑ€ÑÐ». Ð’Ð¾Ñ‚ Ñ‚Ð°ÐºÐ°Ñ Ð¾Ð½Ð°. ]"
"ÐžÐ½Ð° Ð³Ð¾Ð»Ð¾Ð´Ð°Ñ‚ÑŒ Ð¼Ð¾Ð¶ÐµÑ‚ 4 Ð´Ð½Ñ Ð¿Ð¾Ð´Ñ€ÑÐ´, ÐµÑÐ»Ð¸ ÐºÐ¾Ñ€Ð¼ Ð² Ð¼Ð¸ÑÐºÐµ ÐµÑ‘ Ð½Ðµ ÑƒÑÑ‚Ñ€Ð°Ð¸Ð²Ð°ÐµÑ‚. Ð”Ð¾Ð»ÑŒÑˆÐµ Ð½Ðµ Ð¿Ñ€Ð¾Ð²ÐµÑ€ÑÐ». Ð’Ð¾Ñ‚ Ñ‚Ð°ÐºÐ°Ñ Ð¾Ð½Ð°.",[4&&Avreliy13&& Ð¿Ñ€Ð¸Ð¿Ñ€ÑÑ‚Ð°Ð»Ð° Ð³Ð´Ðµ-Ñ‚Ð¾ Ð¿Ð°ÐºÐµÑ‚ Ñ ÐºÐ¾Ñ€Ð¼Ð¾Ð¼ Ð½Ð° Ñ‡Ñ‘Ñ€Ð½Ñ‹Ð¹ Ð´ÐµÐ½ÑŒ? ]
[42&&DolbitSurround&&POST=Ð¯Ð¿Ð¾Ð½ÑÐºÐ°Ñ Ñ€ÐµÐºÐ»Ð°Ð¼Ð°],[8&&Avreliy13&& Ð½Ñ? ]
[42&&DolbitSurround&&POST=Ð¯Ð¿Ð¾Ð½ÑÐºÐ°Ñ Ñ€ÐµÐºÐ»Ð°Ð¼Ð°],"[9&&LumpyRU&& Ð­Ñ‚Ð¾ Ð¾Ð½Ð¸ ÐµÑ‰Ðµ ÐºÐ°Ñ€Ñ‚Ð¾ÑˆÐºÑƒ Ð¸Ð· ""Ð’ÐºÑƒÑÐ½Ð¾ Ð¸ Ñ‚Ð¾Ñ‡ÐºÐ°"" Ð½Ðµ Ð¿Ñ€Ð¾Ð±Ð¾Ð²Ð°Ð»Ð¸â€¦ ]"
[42&&DolbitSurround&&POST=Ð¯Ð¿Ð¾Ð½ÑÐºÐ°Ñ Ñ€ÐµÐºÐ»Ð°Ð¼Ð°],[3&&Far_Cat_6127&& ÐšÐ°Ð²Ð°Ð¸Ð¸Ð¸ ]
[42&&DolbitSurround&&POST=Ð¯Ð¿Ð¾Ð½ÑÐºÐ°Ñ Ñ€ÐµÐºÐ»Ð°Ð¼Ð°],"[2&&crantisz&& Ð Ñ‡Ñ‚Ð¾ ÑÑ‚Ð¾, ÐºÐ°ÐºÐ¾Ð¹-Ñ‚Ð¾ Ñ„Ð°ÑÑ‚Ñ„ÑƒÐ´ ÑÐ¿Ð¾Ð½ÑÐºÐ¸Ð¹? ]"
[42&&DolbitSurround&&POST=Ð¯Ð¿Ð¾Ð½ÑÐºÐ°Ñ Ñ€ÐµÐºÐ»Ð°Ð¼Ð°],[1&&RECabu&& Ð—Ð°Ð¿Ð¸ÑÐ°Ð» Ð½Ð° Ð²Ð¸Ð´ÐµÐ¾ÐºÐ°ÑÑÐµÑ‚Ñƒ Ð¡ÐµÐ´ÑŒÐ¼Ð°Ñ Ð¿ÐµÑ‡Ð°Ñ‚ÑŒ Info | GitHub ]
[42&&DolbitSurround&&POST=Ð¯Ð¿Ð¾Ð½ÑÐºÐ°Ñ Ñ€ÐµÐºÐ»Ð°Ð¼Ð°],[1&&prayer79&& Ñ Ð¿Ð¾Ñ‡ÐµÐ¼Ñƒ-Ñ‚Ð¾ Ð¿Ð¾Ð´ÑƒÐ¼Ð°Ð» Ñ‡Ñ‚Ð¾ Ð´ÐµÐ²Ð¾Ñ‡ÐºÐµ Ð¿Ñ€Ð¸Ð´ÐµÑ‚ÑÑ Ð¼Ð½Ð¾Ð³Ð¾ ÑƒÑ‡Ð¸Ñ‚ÑŒÑÑ ]
[42&&DolbitSurround&&POST=Ð¯Ð¿Ð¾Ð½ÑÐºÐ°Ñ Ñ€ÐµÐºÐ»Ð°Ð¼Ð°],"[1&&SabVadim&& ÐŸÐ¾Ñ‡ÐµÐ¼Ñƒ Ñ‚Ð¾ Ð¿Ð°Ñ€Ð½Ð¸ Ñƒ Ð½Ð¸Ñ… Ð¿Ð¾Ð»ÑƒÑ‡Ð°ÑŽÑ‚ÑÑ Ð¾Ð´Ð½Ð¾Ñ‚Ð¸Ð¿Ð½Ñ‹Ðµ, ÑÐ¼Ð¾Ñ†Ð¸ÑÐ¼Ð¸ ÐºÐ°Ðº Ñ‚Ð¾ Ð¾Ð±Ð´ÐµÐ»ÐµÐ½Ñ‹ ]"
Ð½Ñ?,[1&&RevolutionaryKey9610&& Ð½Ñ! >^_^< ]
[41&&X777XX77&&POST=Ð Ð°Ð±Ð¾Ñ‡Ð¸Ð¹ Ð²Ð°Ñ€Ð¸Ð°Ð½Ñ‚],"[19&&Nikon89&& ""ÐœÐ°Ð¼, Ð¿Ð°Ð¿, Ð° Ñ‡Ñ‚Ð¾ Ð¼Ñ‹ ÑÐµÐ³Ð¾Ð´Ð½Ñ Ð±ÑƒÐ´ÐµÐ¼ ÐºÑƒÑˆÐ°Ñ‚ÑŒ? ÐœÑ‹ Ð±ÑƒÐ´ÐµÐ¼ ÐºÑƒÑˆÐ°Ñ‚ÑŒ Ð½Ð¸Ñ…ÑƒÑ, Ð´Ð¾Ñ‡ÐµÐ½ÑŒÐºÐ°. ÐœÑ‹ Ð¿ÐµÑ€ÐµÑÑ‚Ð°Ð»Ð¸ Ð²ÑÑ‚Ð°Ð²Ð°Ñ‚ÑŒ Ð¸ Ñ…Ð¾Ð´Ð¸Ñ‚ÑŒ Ð½Ð° Ñ€Ð°Ð±Ð¾Ñ‚Ñƒ"" ]"
[41&&X777XX77&&POST=Ð Ð°Ð±Ð¾Ñ‡Ð¸Ð¹ Ð²Ð°Ñ€Ð¸Ð°Ð½Ñ‚],"[8&&LoY_Iver&& ÐžÐº Ð½ÑƒÑ‚ÐµÐ»Ð»Ñƒ Ð¸ Ð¸Ð½Ñ‚ÐµÑ€Ð½ÐµÑ‚ Ð´Ð»Ñ Ð¼ÑƒÐ»ÑŒÑ‚Ð¸ÐºÐ¾Ð² ÑÐ°Ð¼Ð° Ð¾Ð¿Ð»Ð°Ñ‡Ð¸Ð²Ð°ÐµÑˆÑŒ, Ñ‰ÐµÐ½Ð¾Ðº Ð±Ð»ÑÐ´ÑŒ. ]"
[41&&X777XX77&&POST=Ð Ð°Ð±Ð¾Ñ‡Ð¸Ð¹ Ð²Ð°Ñ€Ð¸Ð°Ð½Ñ‚],"[6&&vinger274&& ÐšÐ°Ðº Ñ Ñ€Ð°Ð½ÑŒÑˆÐµ Ñ‚Ð¾ Ð½Ðµ Ð´Ð¾Ð³Ð°Ð´Ð°Ð»ÑÑ? Ð¡Ð¿Ð°ÑÐ¸Ð±Ð¾ Ð´ÐµÑ‚Ð¾Ñ‡ÐºÐ°, Ð·Ð° ÑÐ¾Ð²ÐµÑ‚! ]"
[41&&X777XX77&&POST=Ð Ð°Ð±Ð¾Ñ‡Ð¸Ð¹ Ð²Ð°Ñ€Ð¸Ð°Ð½Ñ‚],"[5&&alxumuk&& Ð”Ð°Ð¶Ðµ ÐµÑÐ»Ð¸ Ð¿Ñ€ÐµÐ´Ð¿Ð¾Ð»Ð¾Ð¶Ð¸Ñ‚ÑŒ, Ñ‡Ñ‚Ð¾ Ð±Ð°Ð±ÑƒÑˆÐºÐ° Ñ ÐºÐ²Ð°Ñ€Ñ‚Ð¸Ñ€Ð¾Ð¹ Ñƒ ÐºÐ¾Ñ‚Ð¾Ñ€Ð¾Ð¹ Ð¸Ð· Ð¾ÐºÐ½Ð° ÐŸÐ»Ð¾Ñ‰Ð°Ð´ÑŒ ÐšÑ€Ð°ÑÐ½Ð°Ñ Ð²Ð¸Ð´Ð½Ð°, Ñ‚Ð°ÐºÐ¸ Ð½Ð°ÑÐ»ÐµÐ´ÑÑ‚Ð²Ð¾ Ð¾ÑÑ‚Ð°Ð²Ð¸Ð»Ð°... Ð’Ñ‹Ð³ÑƒÐ»Ð¸Ð²Ð°Ñ‚ÑŒ ÑÐ¾Ð±Ð°ÐºÑƒ, Ð¿Ð¾ÐºÑƒÐ¿Ð°Ñ‚ÑŒ Ð¶Ñ€Ð°Ñ‚Ð²Ñƒ Ð¸ Ð²ÐµÑÑ‚Ð¸ ÑÑ‚Ñƒ Ð¼Ð°Ð»Ð¾Ð»ÐµÑ‚ÐºÑƒ Ð² Ð´ÐµÑ‚ÑÐ°Ð´ Ð²ÑÐµ Ñ€Ð°Ð²Ð½Ð¾ Ð¿Ñ€Ð¸Ð´ÐµÑ‚ÑÑ. ]"
[41&&X777XX77&&POST=Ð Ð°Ð±Ð¾Ñ‡Ð¸Ð¹ Ð²Ð°Ñ€Ð¸Ð°Ð½Ñ‚],"[5&&ytygytyg&& Ð­Ñ…, Ð´ÐµÐ²Ð¾Ñ‡ÐºÐ°, Ð´ÐµÐ²Ð¾Ñ‡ÐºÐ°â€¦ ]"
[41&&X777XX77&&POST=Ð Ð°Ð±Ð¾Ñ‡Ð¸Ð¹ Ð²Ð°Ñ€Ð¸Ð°Ð½Ñ‚],"[4&&pathalogian&& ÐÐ¸Ñ…ÑƒÑ ÑÑ‚Ð¾ Ð½Ðµ Ñ€Ð°Ð±Ð¾Ñ‚Ð°ÐµÑ‚,Ñ Ð¸ Ð² Ð¾Ñ‚Ð¿ÑƒÑÐºÐµ Ð½Ðµ Ð²Ñ‹ÑÑ‹Ð¿Ð°Ð»ÑÑ P.S. Ð Ñ Ð´ÐµÑ‚ÑŒÐ¼Ð¸ Ñ‚Ð°Ðº Ð²Ð¾Ð¾Ð±Ñ‰Ðµ Ñ‚Ð¾Ð»ÑŒÐºÐ¾ Ð² Ð³Ñ€Ð¾Ð±Ñƒ Ð¾Ñ‚Ð¾ÑÐ¿Ð¸ÑˆÑŒÑÑ ]"
[41&&X777XX77&&POST=Ð Ð°Ð±Ð¾Ñ‡Ð¸Ð¹ Ð²Ð°Ñ€Ð¸Ð°Ð½Ñ‚],[2&&RECabu&& Ð—Ð°Ð¿Ð¸ÑÐ°Ð» Ð½Ð° Ð²Ð¸Ð´ÐµÐ¾ÐºÐ°ÑÑÐµÑ‚Ñƒ ÐÐ»Ð¸Ñ‚Ð°: Ð‘Ð¾ÐµÐ²Ð¾Ð¹ Ð°Ð½Ð³ÐµÐ» Info | GitHub ]
[41&&X777XX77&&POST=Ð Ð°Ð±Ð¾Ñ‡Ð¸Ð¹ Ð²Ð°Ñ€Ð¸Ð°Ð½Ñ‚],[2&&RooftopUA&& Ð¯ Ð°Ð¶ Ð·Ð°Ð¿Ð»Ð°ÐºÐ°Ð» :'( ]
[41&&X777XX77&&POST=Ð Ð°Ð±Ð¾Ñ‡Ð¸Ð¹ Ð²Ð°Ñ€Ð¸Ð°Ð½Ñ‚],[2&&BicycleImportant7952&& ÐÐµ Ð²Ñ‹ÑÑ‹Ð¿Ð°ÐµÑˆÑŒÑÑ? Ð£ÑÑ‚Ð°Ð»? ÐÑƒÐ¶Ð½Ð¾ Ð±Ñ‹Ð»Ð¾ Ð¿Ñ€ÐµÐ·ÐµÑ€Ð²Ð°Ñ‚Ð¸Ð²Ð¾Ð¼ Ð¿Ð¾Ð»ÑŒÐ·Ð¾Ð²Ð°Ñ‚ÑŒÑÑ. ]
"Ð”Ð°Ð¶Ðµ ÐµÑÐ»Ð¸ Ð¿Ñ€ÐµÐ´Ð¿Ð¾Ð»Ð¾Ð¶Ð¸Ñ‚ÑŒ, Ñ‡Ñ‚Ð¾ Ð±Ð°Ð±ÑƒÑˆÐºÐ° Ñ ÐºÐ²Ð°Ñ€Ñ‚Ð¸Ñ€Ð¾Ð¹ Ñƒ ÐºÐ¾Ñ‚Ð¾Ñ€Ð¾Ð¹ Ð¸Ð· Ð¾ÐºÐ½Ð° ÐŸÐ»Ð¾Ñ‰Ð°Ð´ÑŒ ÐšÑ€Ð°ÑÐ½Ð°Ñ Ð²Ð¸Ð´Ð½Ð°, Ñ‚Ð°ÐºÐ¸ Ð½Ð°ÑÐ»ÐµÐ´ÑÑ‚Ð²Ð¾ Ð¾ÑÑ‚Ð°Ð²Ð¸Ð»Ð°... Ð’Ñ‹Ð³ÑƒÐ»Ð¸Ð²Ð°Ñ‚ÑŒ ÑÐ¾Ð±Ð°ÐºÑƒ, Ð¿Ð¾ÐºÑƒÐ¿Ð°Ñ‚ÑŒ Ð¶Ñ€Ð°Ñ‚Ð²Ñƒ Ð¸ Ð²ÐµÑÑ‚Ð¸ ÑÑ‚Ñƒ Ð¼Ð°Ð»Ð¾Ð»ÐµÑ‚ÐºÑƒ Ð² Ð´ÐµÑ‚ÑÐ°Ð´ Ð²ÑÐµ Ñ€Ð°Ð²Ð½Ð¾ Ð¿Ñ€Ð¸Ð´ÐµÑ‚ÑÑ.",[3&&Trump-o-lantern&& ÐœÐ¾Ð¶Ð½Ð¾ Ð¿Ð¾Ð»ÑƒÑ‡Ð¸Ñ‚ÑŒ Ð² Ð½Ð°ÑÐ»ÐµÐ´ÑÑ‚Ð²Ð¾ 10000 Ð‘Ð¸Ñ‚ÐºÐ¾Ð¹Ð½Ð¾Ð² Ð¸ Ð¿Ð¾ÑÐ»Ð°Ñ‚ÑŒ Ð²ÑÐµÑ… ]
ÐœÐ¾Ð¶Ð½Ð¾ Ð¿Ð¾Ð»ÑƒÑ‡Ð¸Ñ‚ÑŒ Ð² Ð½Ð°ÑÐ»ÐµÐ´ÑÑ‚Ð²Ð¾ 10000 Ð‘Ð¸Ñ‚ÐºÐ¾Ð¹Ð½Ð¾Ð² Ð¸ Ð¿Ð¾ÑÐ»Ð°Ñ‚ÑŒ Ð²ÑÐµÑ…,"[2&&Kenya-West&& Ð Ð¿Ð¾Ñ‚Ð¾Ð¼, Ð¾ÐºÐ°Ð·Ñ‹Ð²Ð°ÐµÑ‚ÑÑ, Ð¿Ð¾ÑÐ»Ð°Ð» Ð·Ñ€Ñ, Ð¸Ð±Ð¾ Ð¸Ð¼ÐµÐ½Ð½Ð¾ Ð² ÑÑ‚Ð¾Ñ‚ Ð¼Ð¾Ð¼ÐµÐ½Ñ‚ Ð±Ð¸Ñ‚ÐºÐ¾Ð¸Ð½ Ñ€ÑƒÑ…Ð½ÑƒÐ» Ð´Ð¾ $0. Ð’Ð¾Ñ‚ Ð½Ð¸ÐºÐ¾Ð³Ð´Ð° Ñ‚Ð°ÐºÐ¾Ð³Ð¾ Ð½Ðµ Ð±Ñ‹Ð»Ð¾ - Ð° Ð¸Ð¼ÐµÐ½Ð½Ð¾ Ð¿Ñ€Ð¸ Ñ‚ÐµÐ±Ðµ Ð±ÑƒÐ´ÐµÑ‚! ]"
ÐœÐ¾Ð¶Ð½Ð¾ Ð¿Ð¾Ð»ÑƒÑ‡Ð¸Ñ‚ÑŒ Ð² Ð½Ð°ÑÐ»ÐµÐ´ÑÑ‚Ð²Ð¾ 10000 Ð‘Ð¸Ñ‚ÐºÐ¾Ð¹Ð½Ð¾Ð² Ð¸ Ð¿Ð¾ÑÐ»Ð°Ñ‚ÑŒ Ð²ÑÐµÑ…,"[2&&alxumuk&& Ð•ÑÐ»Ð¸ Ð¿Ð¾ÑÐ»Ð°Ñ‚ÑŒ Ð²ÑÐµÑ…, Ñ‚Ð¾ Ð¼Ð¾Ð¶Ð½Ð¾ Ð¸ Ð½Ð°ÑÐ»ÐµÐ´ÑÑ‚Ð²Ð¾ Ð½Ðµ Ð¿Ð¾Ð»ÑƒÑ‡Ð°Ñ‚ÑŒ. ÐŸÑ€ÑÐ¼Ð¾ ÑÐµÐ¹Ñ‡Ð°Ñ Ð¼Ð¾Ð¶Ð½Ð¾ Ð·Ð°Ð±Ð¸Ñ‚ÑŒ Ð½Ð° Ð¼Ð°Ñ‚ÑŒ Ð¸ Ð±Ð°Ð±ÐºÑƒ, Ð´ÐµÑ‚ÐµÐ¹ ÑÐ´Ð°Ñ‚ÑŒ Ð² Ð´ÐµÑ‚Ð´Ð¾Ð¼, Ð¿Ð¾Ð»ÑƒÑ‡Ð°Ñ‚ÑŒ Ð´Ð¾Ñ…Ð¾Ð´ ÑÐµÑ€Ñ‹Ð¼Ð¸ ÑÑ…ÐµÐ¼Ð°Ð¼Ð¸, Ñ‡Ñ‚Ð¾Ð±Ñ‹ Ð°Ð»Ð¸Ð¼ÐµÐ½Ñ‚Ñ‹ Ð½Ðµ Ð¿Ð»Ð°Ñ‚Ð¸Ñ‚ÑŒ, Ð¸ Ð¿ÐµÑ€ÐµÐµÑ…Ð°Ñ‚ÑŒ Ð² Ð¥ÑƒÐµÐ²Ð¾-ÐšÑƒÐºÑƒÐµÐ²Ð¾, Ð¶Ð¸Ð²Ñ Ð·Ð° Ð½Ð¸Ñ…ÑƒÑ Ð¾Ñ‚ ÑÐ´Ð°Ñ‡Ð¸ ÐºÐ²Ð°Ñ€Ñ‚Ð¸Ñ€ÐºÐ¸, Ð½Ñƒ, Ð¸Ð»Ð¸ Ð¿Ð¾Ð´Ñ€Ð°Ð±Ð°Ñ‚Ñ‹Ð²Ð°Ñ Ð¿Ð¾ Ð¼ÐµÐ»Ð¾Ñ‡Ð¸. Ð’Ð¾Ñ‚ Ñ‚Ð¾Ð»ÑŒÐºÐ¾ Ð¿Ñ€Ð¾Ð±Ð»ÐµÐ¼Ð°, Ñ‡Ðµ-Ñ‚Ð¾ Ñ‚Ð°ÐºÐ°Ñ ÑÑ…ÐµÐ¼Ð° Ð»Ð¸Ð±Ð¾ Ð½Ðµ Ñ€Ð°Ð±Ð¾Ñ‚Ð°ÐµÑ‚, Ð»Ð¸Ð±Ð¾ Ð½Ðµ Ð½Ñ€Ð°Ð²Ð¸Ñ‚ÑÑ. ]"
"Ð Ð¿Ð¾Ñ‚Ð¾Ð¼, Ð¾ÐºÐ°Ð·Ñ‹Ð²Ð°ÐµÑ‚ÑÑ, Ð¿Ð¾ÑÐ»Ð°Ð» Ð·Ñ€Ñ, Ð¸Ð±Ð¾ Ð¸Ð¼ÐµÐ½Ð½Ð¾ Ð² ÑÑ‚Ð¾Ñ‚ Ð¼Ð¾Ð¼ÐµÐ½Ñ‚ Ð±Ð¸Ñ‚ÐºÐ¾Ð¸Ð½ Ñ€ÑƒÑ…Ð½ÑƒÐ» Ð´Ð¾ $0. Ð’Ð¾Ñ‚ Ð½Ð¸ÐºÐ¾Ð³Ð´Ð° Ñ‚Ð°ÐºÐ¾Ð³Ð¾ Ð½Ðµ Ð±Ñ‹Ð»Ð¾ - Ð° Ð¸Ð¼ÐµÐ½Ð½Ð¾ Ð¿Ñ€Ð¸ Ñ‚ÐµÐ±Ðµ Ð±ÑƒÐ´ÐµÑ‚!",[1&&BoltsLayingMaster&& Ð¢Ð°Ð°Ð°Ðº. Ð•ÑÐ»Ð¸ ÑÐ¾Ð±ÐµÑ€Ñ‘ÑˆÑŒÑÑ Ð»Ð¾Ð½Ð³Ð¾Ð²Ð°Ñ‚ÑŒ Ð¸Ð»Ð¸ ÑˆÐ¾Ñ€Ñ‚Ð¸Ñ‚ÑŒ Ð‘Ð¸Ñ‚ÐºÐ¾Ð¹Ð½ - Ð¼Ð°ÑÐºÐ½Ð¸... ]
"ÐÐ¸Ñ…ÑƒÑ ÑÑ‚Ð¾ Ð½Ðµ Ñ€Ð°Ð±Ð¾Ñ‚Ð°ÐµÑ‚,Ñ Ð¸ Ð² Ð¾Ñ‚Ð¿ÑƒÑÐºÐµ Ð½Ðµ Ð²Ñ‹ÑÑ‹Ð¿Ð°Ð»ÑÑ P.S. Ð Ñ Ð´ÐµÑ‚ÑŒÐ¼Ð¸ Ñ‚Ð°Ðº Ð²Ð¾Ð¾Ð±Ñ‰Ðµ Ñ‚Ð¾Ð»ÑŒÐºÐ¾ Ð² Ð³Ñ€Ð¾Ð±Ñƒ Ð¾Ñ‚Ð¾ÑÐ¿Ð¸ÑˆÑŒÑÑ",[1&&X777XX77&& ÐÐµ Ð½Ð°Ð´Ð¾ Ñ Ð´ÐµÑ‚ÑŒÐ¼Ð¸ Ð² Ð³Ñ€Ð¾Ð± ðŸ˜€ ]
ÐÐµ Ð½Ð°Ð´Ð¾ Ñ Ð´ÐµÑ‚ÑŒÐ¼Ð¸ Ð² Ð³Ñ€Ð¾Ð± ðŸ˜€,[2&&Donatelo2&& Ð”ÐµÑ‚ÐµÐ¹ Ð¾Ð´Ð½Ð¸Ñ… Ñ‚ÑƒÐ´Ð° Ð¿Ð¾Ð»Ð¾Ð¶Ð¸Ñ‚ÑŒ? Ð ÑÑ‚Ð¾ Ð¸Ð´ÐµÑ... ]
ÐÐµ Ð½Ð°Ð´Ð¾ Ñ Ð´ÐµÑ‚ÑŒÐ¼Ð¸ Ð² Ð³Ñ€Ð¾Ð± ðŸ˜€,[2&&pathalogian&& Ð­Ñ‚Ð¾ Ð´Ð° - Ð¸ Ñ‚Ð°Ð¼ Ð¾Ñ‚Ð´Ð¾Ñ…Ð½ÑƒÑ‚ÑŒ Ð½Ðµ Ð´Ð°Ð´ÑƒÑ‚ ]
Ð­Ñ‚Ð¾ Ð´Ð° - Ð¸ Ñ‚Ð°Ð¼ Ð¾Ñ‚Ð´Ð¾Ñ…Ð½ÑƒÑ‚ÑŒ Ð½Ðµ Ð´Ð°Ð´ÑƒÑ‚,"[1&&X777XX77&& ÐœÐ¾Ð¶Ð½Ð¾ Ñ Ð½Ð¸Ð¼Ð¸ Ð² Ð›ÐµÐ½Ð¸Ð½Ð° Ð¿Ð¾Ð¸Ð³Ñ€Ð°Ñ‚ÑŒ, Ñ‚Ñ‹ Ð¾Ñ‚Ð´Ñ‹Ñ…Ð°Ð¹, Ð° Ð¾Ð½Ð¸ Ð¿Ð¾Ñ‡ÐµÑ‚Ð½Ñ‹Ð¹ ÐºÐ°Ñ€Ð°ÑƒÐ») ]"
"ÐœÐ¾Ð¶Ð½Ð¾ Ñ Ð½Ð¸Ð¼Ð¸ Ð² Ð›ÐµÐ½Ð¸Ð½Ð° Ð¿Ð¾Ð¸Ð³Ñ€Ð°Ñ‚ÑŒ, Ñ‚Ñ‹ Ð¾Ñ‚Ð´Ñ‹Ñ…Ð°Ð¹, Ð° Ð¾Ð½Ð¸ Ð¿Ð¾Ñ‡ÐµÑ‚Ð½Ñ‹Ð¹ ÐºÐ°Ñ€Ð°ÑƒÐ»)",[2&&pathalogian&& ÐœÐ¾Ð¹ Ð¼ÐµÐ»ÐºÐ¸Ð¹ ÐµÑ‰Ðµ Ñ‚Ð¾Ñ‚ Ð½ÐµÐºÑ€Ð¾Ð¼Ð°Ð½Ñ‚ ÐŸÐ°Ð¿Ð°... Ð¿Ð°Ð¿Ð°... Ð¿Ð°Ð¿Ð°... Ð§Ð¢Ðž?!!! ]
Ð¯ Ð°Ð¶ Ð·Ð°Ð¿Ð»Ð°ÐºÐ°Ð» :'(,[2&&X777XX77&& Ð—Ð°Ð²Ñ‚Ñ€Ð° ÑÑƒÐ±Ð±Ð¾Ñ‚Ð°) ]
Ð—Ð°Ð²Ñ‚Ñ€Ð° ÑÑƒÐ±Ð±Ð¾Ñ‚Ð°),[2&&RooftopUA&& Ð£ Ð¼ÐµÐ½Ñ Ñ€Ð°Ð±Ð¾Ñ‡Ð°Ñ ]
[23&&ProstoKote&&POST=Ð¡ÐµÑ€Ð²Ð¸Ñ.],[5&&EmotionalPosition619&& Ð”Ð° Ð¿Ñ€Ð¾Ñ‰Ðµ Ñ„Ð¸Ð»Ð¸Ð°Ð» Ð»Ð¾ÑƒÐºÐ¾ÑÑ‚ÐµÑ€ Ð¾Ñ‚ÐºÑ€Ñ‹Ñ‚ÑŒ. Ð•Ñ‰Ñ‘ Ð¸ Ð·Ð° Ð±Ð°Ð³Ð°Ð¶ Ð±Ð°Ð±ÐºÐ¸ Ð±Ñ€Ð°Ñ‚ÑŒ Ð¼Ð¾Ð¶Ð½Ð¾ ]
[23&&ProstoKote&&POST=Ð¡ÐµÑ€Ð²Ð¸Ñ.],[3&&Postroitel&& ÐŸÑ€Ð¸ Ð¼Ð¾Ð½Ð¾Ð¿Ð¾Ð»Ð¸Ð¸ Ð½Ð° Ð¿ÐµÑ€ÐµÐ²Ð¾Ð·ÐºÐ¸ Ð¼Ð¾Ð¶Ð½Ð¾ Ð½Ðµ Ð¿Ð°Ñ€Ð¸Ñ‚ÑŒÑÑ Ð¾ ÑÐµÑ€Ð²Ð¸ÑÐµ. ]
"[28&&neonagval&&POST=ÐÑƒ Ð½Ðµ ÑƒÑ…Ð¾Ð´Ð¸, Ð½Ñƒ Ñ‡ÐµÐ³Ð¾ Ñ‚Ñ‹ Ñ‚Ð°Ð¼ ÑÑ‚Ð¾Ð¸ÑˆÑŒ Ð·Ð° Ð´Ð²ÐµÑ€ÑŒÑŽ Ð²ÐµÑÑŒ Ð´ÐµÐ½ÑŒ?((]",[1&&RECabu&& Ð—Ð°Ð¿Ð¸ÑÐ°Ð» Ð½Ð° Ð²Ð¸Ð´ÐµÐ¾ÐºÐ°ÑÑÐµÑ‚Ñƒ ÐÐ°Ñ‡Ð°Ð»Ð¾ Info | GitHub ]
[229&&fat_old_boy&&POST=ÐÐ¸ÐºÐ¾Ð³Ð´Ð° Ð½Ðµ ÑÐ´Ð°Ð²Ð°Ð¹ÑÑ.],[33&&jopovoz&& ÐšÑƒÐ¿Ð¸Ð» Ñ„Ð¾Ñ€Ð¼Ñƒ Ð¿Ñ€Ð¾ÑÑ‚Ð¾ ]
[229&&fat_old_boy&&POST=ÐÐ¸ÐºÐ¾Ð³Ð´Ð° Ð½Ðµ ÑÐ´Ð°Ð²Ð°Ð¹ÑÑ.],"[54&&CynicalGenXer&& Â«Ð Ð¿Ð¾Ñ‚Ð¾Ð¼, Ñ€ÐµÐ±ÑÑ‚Ð°, Ñ Ð¿Ñ€Ð¾Ñ‡Ð¸Ñ‚Ð°Ð» Ñ€ÐµÑ†ÐµÐ¿Ñ‚Â» ]"
[229&&fat_old_boy&&POST=ÐÐ¸ÐºÐ¾Ð³Ð´Ð° Ð½Ðµ ÑÐ´Ð°Ð²Ð°Ð¹ÑÑ.],[24&&persyevelle&& Ð“Ð¾Ñ‚Ð¾Ð²Ð¸Ñ‚ Ð°Ð¼ÐµÑ€Ð¸ÐºÐ°Ð½ÑÐºÐ¸Ð¹ Ð¿Ð¸Ñ€Ð¾Ð³ ]
[229&&fat_old_boy&&POST=ÐÐ¸ÐºÐ¾Ð³Ð´Ð° Ð½Ðµ ÑÐ´Ð°Ð²Ð°Ð¹ÑÑ.],[48&&rmflow&& 45 Ð»ÐµÑ‚ vs 22 Ð³Ð¾Ð´Ð° ]
[229&&fat_old_boy&&POST=ÐÐ¸ÐºÐ¾Ð³Ð´Ð° Ð½Ðµ ÑÐ´Ð°Ð²Ð°Ð¹ÑÑ.],[55&&_ommanipadmehum_&& Ð¾Ð½ ÑÑ‚Ð¾Ñ‚ Ð¿Ð¸Ñ€Ð¾Ð³ ÐµÐ±ÐµÑ‚ Ð¿Ð¾Ñ‚Ð¾Ð¼ ]
[229&&fat_old_boy&&POST=ÐÐ¸ÐºÐ¾Ð³Ð´Ð° Ð½Ðµ ÑÐ´Ð°Ð²Ð°Ð¹ÑÑ.],"[7&&Fat-lazy-biker-85&& ÐŸÑ€Ð¾ÑÑ‚Ð¾ ÑÐ½Ð°Ñ‡Ð°Ð»Ð° Ð¾Ð½ ÑÑ‚Ð°Ð²Ð¸Ð» ÐºÐµÐºÑ ÐºÐ¾Ñ€ÐºÐ¾Ð¹ Ð²Ð²ÐµÑ€Ñ…, Ð° Ð¿Ð¾Ñ‚Ð¾Ð¼ Ð´Ð¾Ð³Ð°Ð´Ð°Ð»ÑÑ Ñ‡Ñ‚Ð¾ ÐºÐ¾Ñ€ÐºÐ¾Ð¹ Ð²Ð½Ð¸Ð· Ð±ÑƒÐ´ÐµÑ‚ ÐºÑ€Ð°ÑÐ¸Ð²ÐµÐµ, Ð¸Ð±Ð¾ ÑÐ½Ð¸Ð·Ñƒ Ñ„Ð¸Ð³ÑƒÑ€Ð½Ð°Ñ Ñ„Ð¾Ñ€Ð¼Ð¾Ñ‡ÐºÐ°. ]"
[229&&fat_old_boy&&POST=ÐÐ¸ÐºÐ¾Ð³Ð´Ð° Ð½Ðµ ÑÐ´Ð°Ð²Ð°Ð¹ÑÑ.],"[25&&audioburglar&& ÐœÑƒÐ¶Ð¸Ðº Ð´Ð¾Ð»Ð±Ð¾Ñ‘Ð± Ð³Ð¾Ð´Ð°Ð¼Ð¸ Ð½Ðµ Ð¼Ð¾Ð³ ÐºÑƒÐ¿Ð¸Ñ‚ÑŒ Ñ„Ð¾Ñ€Ð¼Ñƒ? ÐÐµ ÑÐ´Ð°Ð²Ð°Ð¹Ñ‚ÐµÑÑŒ, Ð¸Ð´Ð¸Ñ‚Ðµ Ð² Ð¼Ð°Ð³Ð°Ð·Ð¸Ð½! ]"
ÐšÑƒÐ¿Ð¸Ð» Ñ„Ð¾Ñ€Ð¼Ñƒ Ð¿Ñ€Ð¾ÑÑ‚Ð¾,[13&&EtoZhe&& ÑˆÐºÐ¾Ð»ÑŒÐ½ÑƒÑŽ ]
ÑˆÐºÐ¾Ð»ÑŒÐ½ÑƒÑŽ,[9&&HEKPO3OOMOTOXPEH&& Ð¯Ð¿Ð¾Ð½ÑÐºÑƒÑŽ Ð´ÐµÐ²Ñ‡Ð°Ñ‡ÑŒÑŽ. ]
Ð“Ð¾Ñ‚Ð¾Ð²Ð¸Ñ‚ Ð°Ð¼ÐµÑ€Ð¸ÐºÐ°Ð½ÑÐºÐ¸Ð¹ Ð¿Ð¸Ñ€Ð¾Ð³,"[1&&CockroachNo4144&& Ð, ÐºÐ°Ðº Ð²Ñ‹ Ð´ÐµÐ»Ð°ÐµÑ‚Ðµ Ñ‚Ð°ÐºÐ¾Ðµ Ð¸Ð´ÐµÐ°Ð»ÑŒÐ½Ð¾ ÐºÑ€ÑƒÐ³Ð»Ð¾Ðµ Ð¾Ñ‚Ð²ÐµÑ€ÑÑ‚Ð¸Ðµ Ð² Ñ†ÐµÐ½Ñ‚Ñ€Ðµ? ]"
45 Ð»ÐµÑ‚ vs 22 Ð³Ð¾Ð´Ð°,"[7&&Tridoubleu&& Ð¢Ð°Ðº, ÑÑ‚Ð¾ Ð¼Ñ‹ Ñ‰Ð°Ñ Ð¿Ñ€Ð¾ Ñ‡Ð¾? ]"
45 Ð»ÐµÑ‚ vs 22 Ð³Ð¾Ð´Ð°,[3&&5erafim&& ÐÐµÑ…Ð¸Ð»Ð¾ Ñ‚Ð°Ðº) ]
"Ð¢Ð°Ðº, ÑÑ‚Ð¾ Ð¼Ñ‹ Ñ‰Ð°Ñ Ð¿Ñ€Ð¾ Ñ‡Ð¾?","[4&&Xenia_Xenia_&& Ð­Ñ‚Ð¾, Ð²Ð¸Ð´Ð¸Ð¼Ð¾, Ð¾Ð¼Ð¼Ð°Ð¶ Ð½Ð° Ð¿Ð¾ÑÐ»ÐµÐ´Ð½Ð¸Ð¹ ÑÑƒÐ¿ÐµÑ€Ñ…Ð¸Ñ‚ Ð¨Ð°ÐºÐ¸Ñ€Ñ‹ Ð¸ Bizzarap, Ð³Ð´Ðµ Ð¾Ð½Ð° ÑÑ€Ð°Ð²Ð½Ð¸Ð²Ð°Ð»Ð° ÑÐµÐ±Ñ 45-Ð»ÐµÑ‚Ð½ÑŽÑŽ, Ð±Ñ‹Ð²ÑˆÑƒÑŽ Ñ‚Ñ‘Ð»ÐºÑƒ ÐŸÐ¸ÐºÐµ, Ñ ÐµÐ³Ð¾ Ð½Ñ‹Ð½ÐµÑˆÐ½ÐµÐ¹ 22-Ð»ÐµÑ‚Ð½ÐµÐ¹, Ð° Ñ‚ÑƒÑ‚ ÑŽÐ½Ð¾ÑˆÐ° ÐºÐ°ÐºÐ±Ñ Ð´ÐµÐ¼Ð¾Ð½ÑÑ‚Ñ€Ð¸Ñ€ÑƒÐµÑ‚ ÑÑ€Ð°Ð²Ð½Ð¸Ñ‚ÐµÐ»ÑŒÐ½Ñ‹Ð¹ Ð°Ð½Ð°Ð»Ð¸Ð· Ð²Ð°Ñ‚Ñ€ÑƒÑˆÐºÐ¸ Ð±Ð°Ñ€Ñ‹ÑˆÐµÐ½ÑŒ Ñ‚Ð°ÐºÐ¸Ñ… Ð²Ð¾Ð·Ñ€Ð°ÑÑ‚Ð¾Ð² Ð¸ Ð½Ð°Ð¼ÐµÐºÐ°Ñ Ð½Ð° Ð¿Ñ€Ð¸Ñ‡Ð¸Ð½Ñƒ Ñ‚Ð°ÐºÐ¾Ð³Ð¾ Ð²Ñ‹Ð±Ð¾Ñ€Ð° ðŸ¤— ]"
Ð¾Ð½ ÑÑ‚Ð¾Ñ‚ Ð¿Ð¸Ñ€Ð¾Ð³ ÐµÐ±ÐµÑ‚ Ð¿Ð¾Ñ‚Ð¾Ð¼,[23&&yezheg&& Ð¯ Ð´ÑƒÐ¼Ð°Ð» Ð² Ð¿Ñ€Ð¾Ñ†ÐµÑÑÐµ â€¦ ]
Ð¾Ð½ ÑÑ‚Ð¾Ñ‚ Ð¿Ð¸Ñ€Ð¾Ð³ ÐµÐ±ÐµÑ‚ Ð¿Ð¾Ñ‚Ð¾Ð¼,"[17&&CTPAX_u_HEHABuCTb&& ÐµÐ±Ð°Ð».Ð Ð¿Ð¾Ñ‚Ð¾Ð¼ Ð²Ð¾Ð·Ñ€Ð°ÑÑ‚, Ð¸Ð¼Ð¿Ð¾Ñ‚ÐµÐ½Ñ†Ð¸Ñ - Ð²Ð¾Ñ‚ Ð¸ Ð¾ÑÑ‚Ð°ÐµÑ‚ÑÑ Ð¿Ð¸Ñ€Ð¾Ð³ ÐºÑ€Ð°ÑÐ¸Ð²Ñ‹Ð¼ ]"
Ð¾Ð½ ÑÑ‚Ð¾Ñ‚ Ð¿Ð¸Ñ€Ð¾Ð³ ÐµÐ±ÐµÑ‚ Ð¿Ð¾Ñ‚Ð¾Ð¼,[4&&EtoZhe&& Ð° Ñ‚ÐµÐ¿ÐµÑ€ÑŒ Ð¿Ð¸Ñ€Ð¾Ð³ ÐµÐ±ÐµÑ‚ ÐµÐ³Ð¾ ]
Ð¯ Ð´ÑƒÐ¼Ð°Ð» Ð² Ð¿Ñ€Ð¾Ñ†ÐµÑÑÐµ â€¦,"[10&&gtiger86&& ÐÑƒ, Ñ‚Ð¾Ð³Ð´Ð° ÑÑ‚Ð¾ Ð½Ðµ Ð²Ñ‹Ð¿ÐµÑ‡ÐºÐ°, Ð° Ð¿Ñ€Ð¾Ð¶Ð°Ñ€ÐºÐ° Ð±ÑƒÐ´ÐµÑ‚.) ]"
[29&&Srurya&&POST=ÐŸÑÑ‚Ð½Ð¸Ñ‡Ð½Ð¾Ðµ Ð¼Ð¾Ðµ],"[3&&Mihan_The_Man&& Ðž, Ð¶Ñ€Ð°Ñ‚Ð²Ð°! ðŸ™‚ ]"
[29&&Srurya&&POST=ÐŸÑÑ‚Ð½Ð¸Ñ‡Ð½Ð¾Ðµ Ð¼Ð¾Ðµ],[2&&Trump-o-lantern&& Ð§Ñ‘ ÑÑ‚Ð¾ Ð·Ð° Ñ…ÐµÑ€Ð½Ñ? ]
[29&&Srurya&&POST=ÐŸÑÑ‚Ð½Ð¸Ñ‡Ð½Ð¾Ðµ Ð¼Ð¾Ðµ],[2&&Masya_01&& ÐžÐ¡ Ð½Ð°Ð´Ð¾ ÑÑ‚Ð°Ð²Ð¸Ñ‚ÑŒ Ñ‚Ð°ÐºÐ¾Ð¹ ÐºÐ¾Ð½Ñ‚ÐµÐ½Ñ‚ Ð·Ð°ÑÐ»ÑƒÐ¶Ð¸Ð²Ð°ÐµÑ‚ ÐµÐ³Ð¾ ]
[29&&Srurya&&POST=ÐŸÑÑ‚Ð½Ð¸Ñ‡Ð½Ð¾Ðµ Ð¼Ð¾Ðµ],[1&&RECabu&& Ð—Ð°Ð¿Ð¸ÑÐ°Ð» Ð½Ð° Ð²Ð¸Ð´ÐµÐ¾ÐºÐ°ÑÑÐµÑ‚Ñƒ Ð¡Ñ‚Ð°Ñ€Ð¸ÐºÐ°Ð¼ Ñ‚ÑƒÑ‚ Ð½Ðµ Ð¼ÐµÑÑ‚Ð¾ Info | GitHub ]
[29&&Srurya&&POST=ÐŸÑÑ‚Ð½Ð¸Ñ‡Ð½Ð¾Ðµ Ð¼Ð¾Ðµ],[1&&Outside_Wolverine856&& ÐŸÐ¾Ð»Ð½Ñ‹Ð¹ ÐŸÐ•Ð Ð”Ð•Ð¦! ]
"Ðž, Ð¶Ñ€Ð°Ñ‚Ð²Ð°! ðŸ™‚","[0&&EmotionalPosition619&& ÐÐµ Ð¿Ñ€Ð¾ÑÑ‚Ð¾ Ð¶Ñ€Ð°Ñ‚Ð²Ð°, Ð° Ð¿ÑÑ‚Ð½Ð¸Ñ‡Ð½Ð°Ñ Ð¶Ñ€Ð°Ñ‚Ð²Ð°. ÐžÐ½ Ð½ÐµÐ±Ð¾ÑÑŒ ÐµÑ‰Ñ‘ Ð¿ÑƒÐ·Ñ‹Ñ€Ñ‘Ðº Ð¸Ð»Ð¸ Ð¿Ð¸Ð²ÐºÐ° Ð² Ñ…Ð¾Ð»Ð¾Ð´Ð¸Ð»ÑŒÐ½Ð¸ÐºÐµ Ð¿Ñ€Ð¸Ð¿Ñ€ÑÑ‚Ð°Ð» ]"
"ÐÐµ Ð¿Ñ€Ð¾ÑÑ‚Ð¾ Ð¶Ñ€Ð°Ñ‚Ð²Ð°, Ð° Ð¿ÑÑ‚Ð½Ð¸Ñ‡Ð½Ð°Ñ Ð¶Ñ€Ð°Ñ‚Ð²Ð°. ÐžÐ½ Ð½ÐµÐ±Ð¾ÑÑŒ ÐµÑ‰Ñ‘ Ð¿ÑƒÐ·Ñ‹Ñ€Ñ‘Ðº Ð¸Ð»Ð¸ Ð¿Ð¸Ð²ÐºÐ° Ð² Ñ…Ð¾Ð»Ð¾Ð´Ð¸Ð»ÑŒÐ½Ð¸ÐºÐµ Ð¿Ñ€Ð¸Ð¿Ñ€ÑÑ‚Ð°Ð»",[1&&Mihan_The_Man&& Ð¥Ð¾Ñ€Ð¾ÑˆÐ¾ Ð±Ñ‹ ]
Ð¥Ð¾Ñ€Ð¾ÑˆÐ¾ Ð±Ñ‹,"[1&&Srurya&& Ð•ÑÑ‚ÑŒ Ð±ÑƒÑ‚Ñ‹Ð»ÐºÐ° Ñ€Ð¾Ð¼Ð°, Ñ‡Ñ‚Ð¾Ð±Ñ‹ Ð¾Ñ‚Ð¿Ñ€Ð°Ð·Ð´Ð½Ð¾Ð²Ð°Ñ‚ÑŒ Ñ‚Ð°ÐºÐ¾Ðµ Ñ‡ÑƒÐ´Ð¾ ÐºÑƒÐ»Ð¸Ð½Ð°Ñ€Ð¸Ð¸) ]"
Ð§Ñ‘ ÑÑ‚Ð¾ Ð·Ð° Ñ…ÐµÑ€Ð½Ñ?,"[3&&Srurya&& Ð¢Ð¸Ð¿Ð¾ Ð´Ñ€Ð°Ð½Ð½Ð¸ÐºÐ¾Ð², Ñ‚Ð¾Ð»ÑŒÐºÐ¾ Ð¸Ð· ÐºÐ°Ð±Ð°Ñ‡ÐºÐ¾Ð² ]"
"Ð¢Ð¸Ð¿Ð¾ Ð´Ñ€Ð°Ð½Ð½Ð¸ÐºÐ¾Ð², Ñ‚Ð¾Ð»ÑŒÐºÐ¾ Ð¸Ð· ÐºÐ°Ð±Ð°Ñ‡ÐºÐ¾Ð²","[4&&Srurya&& Ð­Ñ‚Ð¾ Ð²Ñ‚Ð¾Ñ€Ð°Ñ Ð¿Ð¾Ð¿Ñ‹Ñ‚ÐºÐ°, Ñ‡ÑƒÑ‚ÑŒ Ð±Ð¾Ð»ÑŒÑˆÐµ Ð¼ÑƒÐºÐ¸ Ð´Ð¾Ð±Ð°Ð²Ð¸Ð». ÐšÑÑ‚Ð°Ñ‚Ð¸, Ð²Ð½ÑƒÑ‚Ñ€Ð¸ ÐµÑ‰Ñ‘ Ð²ÐµÑ‚Ñ‡Ð¸Ð½Ð° Ð¸ ÑÑ‹Ñ€ ]"
"Ð­Ñ‚Ð¾ Ð²Ñ‚Ð¾Ñ€Ð°Ñ Ð¿Ð¾Ð¿Ñ‹Ñ‚ÐºÐ°, Ñ‡ÑƒÑ‚ÑŒ Ð±Ð¾Ð»ÑŒÑˆÐµ Ð¼ÑƒÐºÐ¸ Ð´Ð¾Ð±Ð°Ð²Ð¸Ð». ÐšÑÑ‚Ð°Ñ‚Ð¸, Ð²Ð½ÑƒÑ‚Ñ€Ð¸ ÐµÑ‰Ñ‘ Ð²ÐµÑ‚Ñ‡Ð¸Ð½Ð° Ð¸ ÑÑ‹Ñ€","[1&&BoltsLayingMaster&& ÐŸÑ€Ð¸Ð·Ð½Ð°Ð²Ð°Ð»ÑÑ, Ñ‚Ñ‹ Ð¸Ð· ÑÑ‚Ð¸Ñ…, ""Ð¢ÐµÐ±Ðµ ÐºÐ°Ð±Ð°Ñ‡Ð¾Ðº Ð½Ðµ Ð½ÑƒÐ¶ÐµÐ½?"" Ð”Ð°? ]"
ÐžÐ¡ Ð½Ð°Ð´Ð¾ ÑÑ‚Ð°Ð²Ð¸Ñ‚ÑŒ Ñ‚Ð°ÐºÐ¾Ð¹ ÐºÐ¾Ð½Ñ‚ÐµÐ½Ñ‚ Ð·Ð°ÑÐ»ÑƒÐ¶Ð¸Ð²Ð°ÐµÑ‚ ÐµÐ³Ð¾,"[1&&Srurya&& Ð¡Ð¿Ð°ÑÐ¸Ð±Ð¾, Ð½Ðµ Ð½Ð°ÑˆÐµÐ» ÐžÐ¡ ]"
ÐŸÐ¾Ð»Ð½Ñ‹Ð¹ ÐŸÐ•Ð Ð”Ð•Ð¦!,[2&&Srurya&& Ð¡Ð¿Ð°ÑÐ¸Ð±Ð¾) ]
[182&&anita_germany&&POST=Ð¡Ñ‚Ð°Ñ‚Ð¸ÑÑ‚Ð¸ÐºÐ° Ð·Ð°Ð½ÑÑ‚Ð¾ÑÑ‚Ð¸ Ð² Ð“Ð¾Ð»Ð»Ð¸Ð²ÑƒÐ´Ðµ.],[114&&Freeknotty&& Ð’Ð½ÐµÑÐ¸Ñ‚Ðµ ÑÑ‚Ð°Ñ‚Ð¸ÑÑ‚Ð¸ÐºÑƒ Ð¿Ð¾Ñ€Ð½Ð¾Ð°ÐºÑ‚ÐµÑ€Ð¾Ð² Ð² Ð¯Ð¿Ð¾Ð½Ð¸Ð¸ ]
[182&&anita_germany&&POST=Ð¡Ñ‚Ð°Ñ‚Ð¸ÑÑ‚Ð¸ÐºÐ° Ð·Ð°Ð½ÑÑ‚Ð¾ÑÑ‚Ð¸ Ð² Ð“Ð¾Ð»Ð»Ð¸Ð²ÑƒÐ´Ðµ.],"[95&&CTPAX_u_HEHABuCTb&& ÐÐ° ÑÐ°Ð¼Ð¾Ð¼ Ð´ÐµÐ»Ðµ Ð½Ðµ Ð²ÑÑ‘ Ñ‚Ð°Ðº Ð¾Ð´Ð½Ð¾Ð·Ð½Ð°Ñ‡Ð½Ð¾.ÐÐ³Ð°Ñ‚Ð° ÐšÑ€Ð¸ÑÑ‚Ð¸, ÐºÐ°Ðº Ð¶ÐµÐ½Ñ‰Ð¸Ð½Ð°, Ð¿Ð¸ÑÐ°Ð»Ð° Ð½ÐµÐ¿Ð»Ð¾Ñ…Ð¸Ðµ Ð´ÐµÑ‚ÐµÐºÑ‚Ð¸Ð²Ñ‹. Ð ÐÐ³Ð°Ñ‚Ð° ÐšÑ€Ð¸ÑÑ‚Ð¸, ÐºÐ°Ðº Ð´Ð²Ð° Ð¼ÑƒÐ¶Ð¸ÐºÐ° (Ð±Ñ€Ð°Ñ‚Ð°), Ð¿Ð¸ÑÐ°Ð»Ð° Ð½ÐµÐ¿Ð»Ð¾Ñ…Ð¸Ðµ Ð¿ÐµÑÐ½Ð¸... ]"
[182&&anita_germany&&POST=Ð¡Ñ‚Ð°Ñ‚Ð¸ÑÑ‚Ð¸ÐºÐ° Ð·Ð°Ð½ÑÑ‚Ð¾ÑÑ‚Ð¸ Ð² Ð“Ð¾Ð»Ð»Ð¸Ð²ÑƒÐ´Ðµ.],"[80&&liqued03&& Ð¾ Ñ‡ÐµÐ¼ Ð´Ð¾Ð»Ð¶Ð½Ð° Ð³Ð¾Ð²Ð¾Ñ€Ð¸Ñ‚ÑŒ Ð¼Ð½Ðµ ÑÑ‚Ð° ÑÑ‚Ð°Ñ‚Ð¸ÑÑ‚Ð¸ÐºÐ° ÐºÑ‚Ð¾-Ð½Ð¸Ð±ÑƒÐ´ÑŒ Ð¿Ð¾Ð´ÑÐºÐ°Ð¶ÐµÑ‚? Ñ Ð¿Ð¾Ð´Ð¾Ð·Ñ€ÐµÐ²Ð°ÑŽ Ñ‡Ñ‚Ð¾ ÑÑ‚Ð¾ Ñ…Ð¾Ð»Ð¸Ð²Ð°Ñ€ Ð¼Ð¶. Ð’Ð¾Ð±Ñ‰ÐµÐ¼ Ð¼Ð½Ðµ Ð¸Ð½Ñ‚ÐµÑ€ÐµÑÐ½Ð¾ ÐºÐ°ÐºÐ¸Ð¼Ð¸ ÐºÑ€Ð°ÑÐºÐ°Ð¼Ð¸ Ð·Ð°Ð¸Ð³Ñ€Ð°ÐµÑ‚ Ð±ÐµÑÐµÐ´Ð°. ÐµÑÐ»Ð¸ Ð¾ÐºÐ°Ð¶ÐµÑ‚ÑÑ Ñ‡Ñ‚Ð¾ Ð¸Ð· ÑÑ‚Ð¸Ñ… 250 Ñ„Ð¸Ð»ÑŒÐ¼Ð¾Ð² Ð½ÐµÑ‚ Ð½Ð¸Ð¾Ð´Ð½Ð¾Ð³Ð¾ ÑÐ½ÑÑ‚Ð¾Ð³Ð¾ ÑÐ½Ð³-ÑˆÐ½Ñ‹Ð¼ ÐºÐ¸Ð½ÐµÐ¼Ð°Ñ‚Ð¾Ð³Ñ€Ð°Ñ„Ð¾Ð¼) ÐºÐ°Ðº ÑÑ€Ð°Ð·Ñƒ ÑÑ‚Ð°Ð½ÐµÑ‚ Ð²ÑÐµ Ð½Ðµ Ð¾Ð´Ð½Ð¾Ð·Ð½Ð°Ñ‡Ð°Ð½Ð¾, Ð·Ð°Ñ‚Ñ€Ð¾Ð½ÑƒÑ‚ÑÑ Ñ‚Ð°ÐºÐ¸Ðµ Ð°ÑÐ¿ÐµÐºÑ‚Ñ‹ ÐºÐ°Ðº Ð¸ÑÑ‚Ð¾Ñ€Ð¸Ñ‡ÐµÑÐºÐ¸Ðµ ÑÐºÐ¾Ð½Ð¾Ð¼Ð¸Ñ‡ÐµÑÐºÐ¸Ðµ Ð¸ ÐºÑƒÐ»ÑŒÑ‚ÑƒÑ€Ð½Ñ‹Ðµ Ð¿Ñ€Ð¸Ñ‡Ð¸Ð½Ñ‹ Ñ€Ð°Ð·Ð²Ð¸Ñ‚Ð¸Ñ ÑƒÑ€Ð¾Ð²Ð½Ñ ÐºÐ¸Ð½ÐµÐ¼Ð°Ñ‚Ð¾Ð³Ñ€Ð¾Ñ„Ð°, Ð´Ð° Ð¸ Ð²Ð¾Ð¾Ð±Ñ‰Ðµ Ð¾ÐºÐ°Ð¶ÐµÑ‚ÑÑ Ñ‡Ñ‚Ð¾ ÐºÐ°ÑÑÐ¾Ð²Ð¾ÑÑ‚ÑŒ Ð½Ðµ ÑÐ¸Ð½Ð¾Ð½Ð¸Ð¼ ÐºÐ°Ñ‡ÐµÑÑ‚Ð²Ð° XD ]"
[182&&anita_germany&&POST=Ð¡Ñ‚Ð°Ñ‚Ð¸ÑÑ‚Ð¸ÐºÐ° Ð·Ð°Ð½ÑÑ‚Ð¾ÑÑ‚Ð¸ Ð² Ð“Ð¾Ð»Ð»Ð¸Ð²ÑƒÐ´Ðµ.],"[109&&sla0x00&& ÐÐ¾ Ð²ÐµÐ´ÑŒ Ð² ÑƒÐ³Ð¾Ð»ÑŒÐ½Ñ‹Ñ… ÑˆÐ°Ñ…Ñ‚Ð°Ñ… Ð¸ Ð¿Ñ€Ð¾Ñ‡Ð¸Ñ… Ð¾Ð¿Ð°ÑÐ½Ñ‹Ñ… Ð¸ Ð²Ñ€ÐµÐ´Ð½Ñ‹Ñ… Ð¿Ñ€Ð¾Ð¸Ð·Ð²Ð¾Ð´ÑÑ‚Ð²Ð°Ñ… ÑÑ‚Ð°Ñ‚Ð¸ÑÑ‚Ð¸ÐºÐ° ÐµÑ‰Ñ‘ Ð±Ð¾Ð»ÐµÐµ ""ÑƒÐ´Ñ€ÑƒÑ‡Ð°ÑŽÑ‰Ð°Ñ"", Ð¿Ð¾Ñ‡ÐµÐ¼Ñƒ Ð¿Ñ€Ð¾ ÑÑ‚Ð¾ Ð½Ð¸ÐºÑ‚Ð¾ Ð½Ðµ Ð²Ð¾Ð·Ð¼ÑƒÑ‰Ð°ÐµÑ‚ÑÑ? ]"
[182&&anita_germany&&POST=Ð¡Ñ‚Ð°Ñ‚Ð¸ÑÑ‚Ð¸ÐºÐ° Ð·Ð°Ð½ÑÑ‚Ð¾ÑÑ‚Ð¸ Ð² Ð“Ð¾Ð»Ð»Ð¸Ð²ÑƒÐ´Ðµ.],"[44&&Trump-o-lantern&& Ð“ÐµÐ¹-Ð¿Ð¾Ñ€Ð½Ð¾, Ð²Ð¾Ð¾Ð±Ñ‰Ðµ, Ð´ÐµÐ»Ð°ÑŽÑ‚ Ð±ÐµÐ· Ð¶ÐµÐ½Ñ‰Ð¸Ð½! Ð­Ñ‚Ð¾ Ð²Ð¾Ð·Ð¼ÑƒÑ‚Ð¸Ñ‚ÐµÐ»ÑŒÐ½Ð¾! ]"
[182&&anita_germany&&POST=Ð¡Ñ‚Ð°Ñ‚Ð¸ÑÑ‚Ð¸ÐºÐ° Ð·Ð°Ð½ÑÑ‚Ð¾ÑÑ‚Ð¸ Ð² Ð“Ð¾Ð»Ð»Ð¸Ð²ÑƒÐ´Ðµ.],[43&&EmotionalPosition619&& 100% ÑƒÐ±Ð¸Ñ‚Ñ‹Ñ… Ð°ÐºÑ‚ÐµÑ€Ð°Ð¼Ð¸ Ð¾Ð¿ÐµÑ€Ð°Ñ‚Ð¾Ñ€Ð¾Ð² Ð²Ð¾ Ð²Ñ€ÐµÐ¼Ñ ÑÑŠÑ‘Ð¼Ð¾Ðº - Ð¶ÐµÐ½Ñ‰Ð¸Ð½Ñ‹ ]
[182&&anita_germany&&POST=Ð¡Ñ‚Ð°Ñ‚Ð¸ÑÑ‚Ð¸ÐºÐ° Ð·Ð°Ð½ÑÑ‚Ð¾ÑÑ‚Ð¸ Ð² Ð“Ð¾Ð»Ð»Ð¸Ð²ÑƒÐ´Ðµ.],"[48&&trololo90&& ÐŸÑ€Ð¾Ð±Ð»ÐµÐ¼Ð° Ð² Ñ‚Ð¾Ð¼, Ñ‡Ñ‚Ð¾ Ð¶ÐµÐ½Ñ‰Ð¸Ð½Ð°Ð¼ Ð´Ð¾Ñ€Ð¾Ð³Ð¸ Ð¾Ñ‚ÐºÑ€Ñ‹Ð»Ð¸ÑÑŒ Ð»Ð¸ÑˆÑŒ Ð½ÐµÐ´Ð°Ð²Ð½Ð¾, Ñ€Ð°Ð½ÑŒÑˆÐµ Ð¶ÐµÐ½Ñ‰Ð¸Ð½ Ð´Ð°Ð¶Ðµ Ð½Ðµ Ð±Ñ€Ð°Ð»Ð¸ Ð½Ð¸ÐºÑƒÐ´Ð° - Ñ‚Ð°ÐºÐ¾Ð²Ð¾ Ð±Ñ‹Ð»Ð¾ Ð¾Ð±Ñ‰ÐµÑÑ‚Ð²Ð¾ Ð² Ð¡Ð¨Ð , Ð¶ÐµÐ½Ñ‰Ð¸Ð½Ñ‹ Ð´Ð¾Ð¼Ð¾Ñ…Ð¾Ð·ÑÐ¹ÐºÐ¸ Ð¼ÑƒÐ¶Ñ‡Ð¸Ð½Ñ‹ Ñ€Ð°Ð±Ð¾Ñ‚Ð°ÑŽÑ‚. Ð–ÐµÐ½Ñ‰Ð¸Ð½Ñ‹ ÐºÐ¾Ð½ÐµÑ‡Ð½Ð¾ Ñ‚Ð¾Ð¶Ðµ Ñ€Ð°Ð±Ð¾Ñ‚Ð°Ð»Ð¸, Ð½Ð¾ Ð½Ð° Ð½Ð¸Ð·ÐºÐ¾Ð¾Ð¿Ð»Ð°Ñ‡Ð¸Ð²Ð°ÐµÐ¼Ñ‹Ñ… Ñ€Ð°Ð±Ð¾Ñ‚Ð°Ñ… , ÑƒÐ±Ð¾Ñ€Ñ‰Ð¸Ñ†Ñ‹, Ð²Ð¾ÑÐ¿Ð¸Ñ‚Ð°Ñ‚ÐµÐ»Ð¸, Ð¿Ñ€Ð°Ñ‡ÐºÐ¸ , ÑÐ¸Ð´ÐµÐ»ÐºÐ¸, Ð³Ð¾Ñ€Ð½Ð¸Ñ‡Ð½Ñ‹Ðµ, ÐºÑƒÑ…Ð°Ñ€ÐºÐ¸ Ð¸ Ñ‚.Ð´. ]"
[182&&anita_germany&&POST=Ð¡Ñ‚Ð°Ñ‚Ð¸ÑÑ‚Ð¸ÐºÐ° Ð·Ð°Ð½ÑÑ‚Ð¾ÑÑ‚Ð¸ Ð² Ð“Ð¾Ð»Ð»Ð¸Ð²ÑƒÐ´Ðµ.],"[18&&nicothinum&& ÐµÑÐ»Ð¸ Ð¿Ð¾ Ð¿Ñ€Ð¾Ñ‡Ñ‚ÐµÐ½Ð¸Ð¸ Ð²Ð°Ð¼ Ð¿Ð¾ÐºÐ°Ð·Ð°Ð»Ð¾ÑÑŒ, Ñ‡Ñ‚Ð¾ ÑÑ‚Ð¾ Ñ‡Ñ‚Ð¾-Ñ‚Ð¾ Ð´Ð¾ÐºÐ°Ð·Ñ‹Ð²Ð°ÐµÑ‚ Ð¸ Ð½Ðµ Ð²Ð¾Ð·Ð½Ð¸Ðº Ð²Ð¾Ð¿Ñ€Ð¾Ñ Ð¾ ÑÐ¾Ð¾Ñ‚Ð½Ð¾ÑˆÐµÐ½Ð¸Ð¸ Ðœ Ð¸ Ð– Ð² ÑÑ‚ÑƒÐ´Ð¸Ð¸, ÑÐ½ÑÐ²ÑˆÐµÐ¹ ÐºÐ¸Ð½Ð¾, Ð·Ð°Ð´ÑƒÐ¼Ð°Ð¹Ñ‚ÐµÑÑŒ: Ñ‚Ð°Ðº Ð»Ð¸ Ð²Ñ‹ ÑƒÐ¼Ð½Ñ‹, ÐºÐ°Ðº ÐºÐ°Ð¶ÐµÑ‚ÐµÑÑŒ ÑÐµÐ±Ðµ? ]"
[182&&anita_germany&&POST=Ð¡Ñ‚Ð°Ñ‚Ð¸ÑÑ‚Ð¸ÐºÐ° Ð·Ð°Ð½ÑÑ‚Ð¾ÑÑ‚Ð¸ Ð² Ð“Ð¾Ð»Ð»Ð¸Ð²ÑƒÐ´Ðµ.],[4&&YouStas91&& Ð¢Ð¾ ÐµÑÑ‚ÑŒ 58% ÑÐ°Ð¼Ñ‹Ñ… ÐºÐ°ÑÑÐ¾Ð²Ñ‹Ñ… Ñ„Ð¸Ð»ÑŒÐ¼Ð¾Ð² ÑÐ¾Ð·Ð´Ð°Ð½Ð¾ Ð¿Ñ€Ð¸ ÑƒÑ‡Ð°ÑÑ‚Ð¸Ð¸ Ð¸ÑÐ¿Ð¾Ð»Ð½Ð¸Ñ‚ÐµÐ»ÑŒÐ½Ñ‹Ñ… Ð¿Ñ€Ð¾Ð´ÑŽÑÐµÑ€Ð¾Ð² Ð¶ÐµÐ½Ñ‰Ð¸Ð½ Ð¸ 83% ÑÐ¾Ð·Ð´Ð°Ð½Ð¾ Ñ ÑƒÑ‡Ð°ÑÑ‚Ð¸ÐµÐ¼ Ð¿Ñ€Ð¾Ð´ÑŽÑÐµÑ€Ð¾Ð² Ð¶ÐµÐ½Ñ‰Ð¸Ð½. ]
Ð’Ð½ÐµÑÐ¸Ñ‚Ðµ ÑÑ‚Ð°Ñ‚Ð¸ÑÑ‚Ð¸ÐºÑƒ Ð¿Ð¾Ñ€Ð½Ð¾Ð°ÐºÑ‚ÐµÑ€Ð¾Ð² Ð² Ð¯Ð¿Ð¾Ð½Ð¸Ð¸,[4&&normal3979&& Ð Ñ‡Ñ‚Ð¾ Ñ‚Ð°Ð¼? Ð¯ Ñ…Ð· Ð¿Ñ€Ð¾ÑÑ‚Ð¾ ]
Ð’Ð½ÐµÑÐ¸Ñ‚Ðµ ÑÑ‚Ð°Ñ‚Ð¸ÑÑ‚Ð¸ÐºÑƒ Ð¿Ð¾Ñ€Ð½Ð¾Ð°ÐºÑ‚ÐµÑ€Ð¾Ð² Ð² Ð¯Ð¿Ð¾Ð½Ð¸Ð¸,[2&&nekaby&& Ð’ÐµÑ‚ÐºÐ° ÑÑÑ‚ÐµÑ‚Ð¾Ð² ÑÐºÐ° ]
Ð Ñ‡Ñ‚Ð¾ Ñ‚Ð°Ð¼? Ð¯ Ñ…Ð· Ð¿Ñ€Ð¾ÑÑ‚Ð¾,"[5&&Freeknotty&& Ð”ÐµÑ„Ð¸Ñ†Ð¸Ñ‚ ÐºÐ°Ð´Ñ€Ð¾Ð², Ñ‚Ð°Ðº ÑÐºÐ°Ð·Ð°Ñ‚ÑŒ, Ð¼ÑƒÐ¶ÐµÑÐºÐ¾Ð³Ð¾ Ð¿Ð¾Ð»Ñƒ. ]"
Ð’ÐµÑ‚ÐºÐ° ÑÑÑ‚ÐµÑ‚Ð¾Ð² ÑÐºÐ°,"[1&&Freeknotty&& ÐÐ° Ð²ÐºÑƒÑ Ð¸ Ñ†Ð²ÐµÑ‚, ÐºÐ°Ðº Ð³Ð¾Ð²Ð¾Ñ€Ð¸Ñ‚ÑÑ ]"
"Ð¾ Ñ‡ÐµÐ¼ Ð´Ð¾Ð»Ð¶Ð½Ð° Ð³Ð¾Ð²Ð¾Ñ€Ð¸Ñ‚ÑŒ Ð¼Ð½Ðµ ÑÑ‚Ð° ÑÑ‚Ð°Ñ‚Ð¸ÑÑ‚Ð¸ÐºÐ° ÐºÑ‚Ð¾-Ð½Ð¸Ð±ÑƒÐ´ÑŒ Ð¿Ð¾Ð´ÑÐºÐ°Ð¶ÐµÑ‚? Ñ Ð¿Ð¾Ð´Ð¾Ð·Ñ€ÐµÐ²Ð°ÑŽ Ñ‡Ñ‚Ð¾ ÑÑ‚Ð¾ Ñ…Ð¾Ð»Ð¸Ð²Ð°Ñ€ Ð¼Ð¶. Ð’Ð¾Ð±Ñ‰ÐµÐ¼ Ð¼Ð½Ðµ Ð¸Ð½Ñ‚ÐµÑ€ÐµÑÐ½Ð¾ ÐºÐ°ÐºÐ¸Ð¼Ð¸ ÐºÑ€Ð°ÑÐºÐ°Ð¼Ð¸ Ð·Ð°Ð¸Ð³Ñ€Ð°ÐµÑ‚ Ð±ÐµÑÐµÐ´Ð°. ÐµÑÐ»Ð¸ Ð¾ÐºÐ°Ð¶ÐµÑ‚ÑÑ Ñ‡Ñ‚Ð¾ Ð¸Ð· ÑÑ‚Ð¸Ñ… 250 Ñ„Ð¸Ð»ÑŒÐ¼Ð¾Ð² Ð½ÐµÑ‚ Ð½Ð¸Ð¾Ð´Ð½Ð¾Ð³Ð¾ ÑÐ½ÑÑ‚Ð¾Ð³Ð¾ ÑÐ½Ð³-ÑˆÐ½Ñ‹Ð¼ ÐºÐ¸Ð½ÐµÐ¼Ð°Ñ‚Ð¾Ð³Ñ€Ð°Ñ„Ð¾Ð¼) ÐºÐ°Ðº ÑÑ€Ð°Ð·Ñƒ ÑÑ‚Ð°Ð½ÐµÑ‚ Ð²ÑÐµ Ð½Ðµ Ð¾Ð´Ð½Ð¾Ð·Ð½Ð°Ñ‡Ð°Ð½Ð¾, Ð·Ð°Ñ‚Ñ€Ð¾Ð½ÑƒÑ‚ÑÑ Ñ‚Ð°ÐºÐ¸Ðµ Ð°ÑÐ¿ÐµÐºÑ‚Ñ‹ ÐºÐ°Ðº Ð¸ÑÑ‚Ð¾Ñ€Ð¸Ñ‡ÐµÑÐºÐ¸Ðµ ÑÐºÐ¾Ð½Ð¾Ð¼Ð¸Ñ‡ÐµÑÐºÐ¸Ðµ Ð¸ ÐºÑƒÐ»ÑŒÑ‚ÑƒÑ€Ð½Ñ‹Ðµ Ð¿Ñ€Ð¸Ñ‡Ð¸Ð½Ñ‹ Ñ€Ð°Ð·Ð²Ð¸Ñ‚Ð¸Ñ ÑƒÑ€Ð¾Ð²Ð½Ñ ÐºÐ¸Ð½ÐµÐ¼Ð°Ñ‚Ð¾Ð³Ñ€Ð¾Ñ„Ð°, Ð´Ð° Ð¸ Ð²Ð¾Ð¾Ð±Ñ‰Ðµ Ð¾ÐºÐ°Ð¶ÐµÑ‚ÑÑ Ñ‡Ñ‚Ð¾ ÐºÐ°ÑÑÐ¾Ð²Ð¾ÑÑ‚ÑŒ Ð½Ðµ ÑÐ¸Ð½Ð¾Ð½Ð¸Ð¼ ÐºÐ°Ñ‡ÐµÑÑ‚Ð²Ð° XD","[49&&Aicanaro&& Ñ‚Ð¾Ð¶Ðµ Ð½Ðµ Ð¿Ð¾Ð½Ð¸Ð¼Ð°ÑŽ ÑÐ¼Ñ‹ÑÐ» Ð¿Ð¾ÑÑ‚Ð°. ÐµÑÐ»Ð¸ Ð¿Ð¾ÑÐ¼Ð¾Ñ‚Ñ€ÐµÑ‚ÑŒ ÑÑ‚Ð°Ñ‚Ð¸ÑÑ‚Ð¸Ñ‡ÐµÑÐºÐ¸Ðµ Ð´Ð°Ð½Ð½Ñ‹Ðµ Ð² Ð´Ð¸Ð½Ð°Ð¼Ð¸ÐºÐµ Ð»ÐµÑ‚ Ð·Ð° 20-30, Ñ‚Ð¾ ÑƒÐ²Ð¸Ð´Ð¸Ð¼, ÐºÐ°Ðº Ð¿Ñ€Ð¾Ñ†ÐµÐ½Ñ‚ Ð¶ÐµÐ½Ñ‰Ð¸Ð½ Ñ€Ð°ÑÑ‚Ñ‘Ñ‚. Ñ ÑÐ¼Ð¾Ñ‚Ñ€ÐµÐ» ÑÑ‚Ð°Ñ‚Ð¸ÑÑ‚Ð¸ÐºÑƒ Ð¿Ð¾ Ð´Ð¾Ð»Ðµ Ð¶ÐµÐ½Ñ‰Ð¸Ð½ Ð² Ð¼ÑƒÐ·Ñ‹ÐºÐ°Ð»ÑŒÐ½Ð¾Ð¹ Ð¸Ð½Ð´ÑƒÑÑ‚Ñ€Ð¸Ð¸, Ñ‚Ð°Ð¼ Ñ‚Ð°ÐºÐ¾Ðµ ÑÐ²Ð½Ð¾ Ð¿Ñ€Ð¾ÑÐ»ÐµÐ¶Ð¸Ð²Ð°ÐµÑ‚ÑÑ, Ð´ÑƒÐ¼Ð°ÑŽ Ð·Ð´ÐµÑÑŒ (Ð¸ Ð²Ð¾ Ð¼Ð½Ð¾Ð³Ð¸Ñ… Ð´Ñ€ÑƒÐ³Ð¸Ñ… ÑÑ„ÐµÑ€Ð°Ñ…) Ñ‚Ð¾Ð¶Ðµ ]"
[35&&DolbitSurround&&POST=Ð”ÐµÐ´ Ñ Ð±Ð°Ð±ÐºÐ¾Ð¹ Ð½Ð° Ð¿Ñ€ÐµÐ´Ñ‹Ð´ÑƒÑ‰Ð¸Ð¹ Ð”ÐµÐ½ÑŒ Ñ€Ð¾Ð¶Ð´ÐµÐ½Ð¸Ñ Ð¿Ð¾Ð´Ð°Ñ€Ð¸Ð»Ð¸ Ð²Ð½ÑƒÐºÑƒ Ð±Ð°Ñ€Ð°Ð±Ð°Ð½. Ð’ ÑÑ‚Ð¾Ñ‚ Ñ€Ð°Ð· Ñ€ÐµÑˆÐ¸Ð»Ð¸ Ð¸ÑÐ¿Ñ€Ð°Ð²Ð¸Ñ‚ÑŒÑÑ.],[10&&Grouler&& Ð¼Ð½Ðµ Ð± Ñ‚Ð°ÐºÐ¸Ñ… Ð´ÐµÐ´Ð° Ñ Ð±Ð°Ð±ÐºÐ¾Ð¹...( ]
[35&&DolbitSurround&&POST=Ð”ÐµÐ´ Ñ Ð±Ð°Ð±ÐºÐ¾Ð¹ Ð½Ð° Ð¿Ñ€ÐµÐ´Ñ‹Ð´ÑƒÑ‰Ð¸Ð¹ Ð”ÐµÐ½ÑŒ Ñ€Ð¾Ð¶Ð´ÐµÐ½Ð¸Ñ Ð¿Ð¾Ð´Ð°Ñ€Ð¸Ð»Ð¸ Ð²Ð½ÑƒÐºÑƒ Ð±Ð°Ñ€Ð°Ð±Ð°Ð½. Ð’ ÑÑ‚Ð¾Ñ‚ Ñ€Ð°Ð· Ñ€ÐµÑˆÐ¸Ð»Ð¸ Ð¸ÑÐ¿Ñ€Ð°Ð²Ð¸Ñ‚ÑŒÑÑ.],[6&&figfat&& Ð­Ñ‚Ð¾ Ñ‡Ñ‚Ð¾Ð±Ñ‹ Ð½Ð° ÑÐ»ÐµÐ´ÑƒÑŽÑ‰ÐµÐ¹ Ð´ÐµÐ½ÑŒ Ñ€Ð¾Ð¶Ð´ÐµÐ½Ð¸Ñ Ð½Ðµ Ñ‚Ñ€Ð°Ñ‚Ð¸Ñ‚ÑŒÑÑ? ]
[35&&DolbitSurround&&POST=Ð”ÐµÐ´ Ñ Ð±Ð°Ð±ÐºÐ¾Ð¹ Ð½Ð° Ð¿Ñ€ÐµÐ´Ñ‹Ð´ÑƒÑ‰Ð¸Ð¹ Ð”ÐµÐ½ÑŒ Ñ€Ð¾Ð¶Ð´ÐµÐ½Ð¸Ñ Ð¿Ð¾Ð´Ð°Ñ€Ð¸Ð»Ð¸ Ð²Ð½ÑƒÐºÑƒ Ð±Ð°Ñ€Ð°Ð±Ð°Ð½. Ð’ ÑÑ‚Ð¾Ñ‚ Ñ€Ð°Ð· Ñ€ÐµÑˆÐ¸Ð»Ð¸ Ð¸ÑÐ¿Ñ€Ð°Ð²Ð¸Ñ‚ÑŒÑÑ.],[2&&Bublik333&& Ð¥Ñ€ÑƒÑÑ‚ Ñ€Ð°ÑÑ‚Ñ‘Ñ‚. ÐœÐ¾Ð¶ÐµÑ‚ Ð¿Ñ€Ð¾ÑÑ‚Ð¾ Ñ€Ð°ÑÑÑ‡Ð¸Ñ‚Ñ‹Ð²Ð°ÑŽÑ‚ Ð½Ð° Ð½Ð¾Ð²ÐµÐ½ÑŒÐºÐ¸Ðµ Ð¾Ñ€Ð³Ð°Ð½Ñ‹ Ð´Ð»Ñ ÑÐµÐ±Ñ. ]
[35&&DolbitSurround&&POST=Ð”ÐµÐ´ Ñ Ð±Ð°Ð±ÐºÐ¾Ð¹ Ð½Ð° Ð¿Ñ€ÐµÐ´Ñ‹Ð´ÑƒÑ‰Ð¸Ð¹ Ð”ÐµÐ½ÑŒ Ñ€Ð¾Ð¶Ð´ÐµÐ½Ð¸Ñ Ð¿Ð¾Ð´Ð°Ñ€Ð¸Ð»Ð¸ Ð²Ð½ÑƒÐºÑƒ Ð±Ð°Ñ€Ð°Ð±Ð°Ð½. Ð’ ÑÑ‚Ð¾Ñ‚ Ñ€Ð°Ð· Ñ€ÐµÑˆÐ¸Ð»Ð¸ Ð¸ÑÐ¿Ñ€Ð°Ð²Ð¸Ñ‚ÑŒÑÑ.],[1&&RECabu&& Ð—Ð°Ð¿Ð¸ÑÐ°Ð» Ð½Ð° Ð²Ð¸Ð´ÐµÐ¾ÐºÐ°ÑÑÐµÑ‚Ñƒ Ð¨Ð¾Ñƒ Ð¢Ñ€ÑƒÐ¼Ð°Ð½Ð° Info | GitHub ]
Ð¼Ð½Ðµ Ð± Ñ‚Ð°ÐºÐ¸Ñ… Ð´ÐµÐ´Ð° Ñ Ð±Ð°Ð±ÐºÐ¾Ð¹...(,[2&&Harkonenov&& Ð”Ð°... Ð’ÑÑ‘ Ð´ÐµÑ‚ÑÑ‚Ð²Ð¾ Ð¼ÐµÑ‡Ñ‚Ð°Ð» Ð¾ Ð¼Ð¾Ð¿ÐµÐ´Ðµ ((( ]
Ð”Ð°... Ð’ÑÑ‘ Ð´ÐµÑ‚ÑÑ‚Ð²Ð¾ Ð¼ÐµÑ‡Ñ‚Ð°Ð» Ð¾ Ð¼Ð¾Ð¿ÐµÐ´Ðµ (((,"[4&&Far_Cat_6127&& Ð”Ð° Ð¿Ð¾ Ð²Ð°Ð¼ Ð²Ð¸Ð´Ð½Ð¾, Ñ‡Ñ‚Ð¾ ÐµÑÐ»Ð¸ Ð± Ð¿Ð¾Ð´Ð°Ñ€Ð¸Ð»Ð¸, Ñ‚Ð¾ Ð½Ðµ Ð¿Ð¸ÑÐ°Ð»Ð¸ Ð±Ñ‹ Ñ‚ÑƒÑ‚ ÑÐµÐ¹Ñ‡Ð°Ñ ]"
"Ð”Ð° Ð¿Ð¾ Ð²Ð°Ð¼ Ð²Ð¸Ð´Ð½Ð¾, Ñ‡Ñ‚Ð¾ ÐµÑÐ»Ð¸ Ð± Ð¿Ð¾Ð´Ð°Ñ€Ð¸Ð»Ð¸, Ñ‚Ð¾ Ð½Ðµ Ð¿Ð¸ÑÐ°Ð»Ð¸ Ð±Ñ‹ Ñ‚ÑƒÑ‚ ÑÐµÐ¹Ñ‡Ð°Ñ",[2&&Harkonenov&& Ð¡ÐµÐ¹Ñ‡Ð°Ñ Ñ Ð²Ñ‹Ñ€Ð¾Ñ Ð¸ ÑÐ°Ð¼ ÑÐµÐ±Ðµ Ð¿Ð¾Ð´Ð°Ñ€Ð¸Ð». ]
[145&&OdielGreybuck&&POST=Ð£ Ð¼ÐµÐ½Ñ 3 ÐºÑ€ÑƒÐ¶ÐºÐ¸ Ð¿Ð¾ÐºÐ° Ñ‡Ñ‚Ð¾],"[9&&BorisBogdanoff&& ""Ð¥Ð°-Ñ…Ð°, ÐºÑ‚Ð¾ Ð¶ Ñ‚Ð°Ðº Ð´ÐµÐ»Ð°ÐµÑ‚?"" - Ñ…Ð¾Ñ‚ÐµÐ» ÑÐºÐ°Ð·Ð°Ñ‚ÑŒ Ñ, Ð½Ð¾ Ð³Ð»ÑÐ½ÑƒÐ» Ð½Ð° ÑÐ²Ð¾Ð¹ ÑÑ‚Ð¾Ð»... 3 ÐºÑ€ÑƒÐ¶ÐºÐ¸ + 2 Ñ‚Ð°Ñ€ÐµÐ»ÐºÐ¸ Ð¾Ñ‚ ÑÐ¸Ñ‡Ð½Ð¸Ñ†Ñ‹. ]"
[145&&OdielGreybuck&&POST=Ð£ Ð¼ÐµÐ½Ñ 3 ÐºÑ€ÑƒÐ¶ÐºÐ¸ Ð¿Ð¾ÐºÐ° Ñ‡Ñ‚Ð¾],"[4&&7ro11&& ÐÐ¾ Ð¼ÐµÐ¼ Ð²ÑÑ‘ Ñ€Ð°Ð²Ð½Ð¾ ÑÐ¼ÐµÑˆÐ½Ð¾Ð¹, Ñ…Ð¾Ñ‚ÑŒ Ð¸ Ð½Ðµ Ð¿Ñ€Ð¾ Ð¼ÐµÐ½Ñ! ]"
[145&&OdielGreybuck&&POST=Ð£ Ð¼ÐµÐ½Ñ 3 ÐºÑ€ÑƒÐ¶ÐºÐ¸ Ð¿Ð¾ÐºÐ° Ñ‡Ñ‚Ð¾],"[2&&alexrralex&& Ð£ Ð¼ÐµÐ½Ñ Ñ€Ð°Ð½ÑŒÑˆÐµ Ð¶ÐµÐ½Ð° Ð¿Ð¸Ð·Ð´ÐµÐ»Ð°, Ð° Ñ‚ÐµÐ¿ÐµÑ€ÑŒ Ð¼Ð°Ð»Ñ‹Ðµ ÐºÑ€ÑƒÐ¶ÐºÐ¸ Ð¿Ð¸Ð·Ð´ÑÑ‚ ]"
[145&&OdielGreybuck&&POST=Ð£ Ð¼ÐµÐ½Ñ 3 ÐºÑ€ÑƒÐ¶ÐºÐ¸ Ð¿Ð¾ÐºÐ° Ñ‡Ñ‚Ð¾],[1&&Coolpipi&& Ð­Ñ‚Ð¾ Ð½ÐµÐ½Ð°Ð´Ð¾Ð»Ð³Ð¾...ðŸ˜ˆ ]
[145&&OdielGreybuck&&POST=Ð£ Ð¼ÐµÐ½Ñ 3 ÐºÑ€ÑƒÐ¶ÐºÐ¸ Ð¿Ð¾ÐºÐ° Ñ‡Ñ‚Ð¾],[1&&1980__&& Ð§ÐµÑ‚ Ð¿Ð¸Ð²Ð° Ð·Ð°Ñ…Ð¾Ñ‚ÐµÐ»Ð¾ÑÑŒ. ]
[145&&OdielGreybuck&&POST=Ð£ Ð¼ÐµÐ½Ñ 3 ÐºÑ€ÑƒÐ¶ÐºÐ¸ Ð¿Ð¾ÐºÐ° Ñ‡Ñ‚Ð¾],"[1&&ErebosDark&& Ð–Ð¸Ð·Ð°... Ð Ð¿Ð¾Ñ‚Ð¾Ð¼ Ñ‚Ð°ÐºÐ¾Ð¹ Ð½Ð° ÐºÑƒÑ…Ð½Ðµ: ""Ð‘Ð»Ñ, Ð³Ð´Ðµ Ð²ÑÐµ ÐºÑ€ÑƒÐ¶ÐºÐ¸ Ð´ÐµÐ»Ð¸ÑÑŒ?!"" ]"
"""Ð¥Ð°-Ñ…Ð°, ÐºÑ‚Ð¾ Ð¶ Ñ‚Ð°Ðº Ð´ÐµÐ»Ð°ÐµÑ‚?"" - Ñ…Ð¾Ñ‚ÐµÐ» ÑÐºÐ°Ð·Ð°Ñ‚ÑŒ Ñ, Ð½Ð¾ Ð³Ð»ÑÐ½ÑƒÐ» Ð½Ð° ÑÐ²Ð¾Ð¹ ÑÑ‚Ð¾Ð»... 3 ÐºÑ€ÑƒÐ¶ÐºÐ¸ + 2 Ñ‚Ð°Ñ€ÐµÐ»ÐºÐ¸ Ð¾Ñ‚ ÑÐ¸Ñ‡Ð½Ð¸Ñ†Ñ‹.",[7&&Bounsaq&& ÐžÑÑ‚Ð°Ð²ÑŒ Ð¿Ð¾ Ð¾Ð´Ð½Ð¾Ð¼Ñƒ Ð¿Ñ€Ð¸Ð±Ð¾Ñ€Ñƒ Ð¸ Ð¿Ñ€Ð¾Ð±Ð»ÐµÐ¼Ð° ÑƒÐ¹Ð´ÐµÑ‚ ÑÐ°Ð¼Ð° ÑÐ¾Ð±Ð¾Ð¹ ]
"""Ð¥Ð°-Ñ…Ð°, ÐºÑ‚Ð¾ Ð¶ Ñ‚Ð°Ðº Ð´ÐµÐ»Ð°ÐµÑ‚?"" - Ñ…Ð¾Ñ‚ÐµÐ» ÑÐºÐ°Ð·Ð°Ñ‚ÑŒ Ñ, Ð½Ð¾ Ð³Ð»ÑÐ½ÑƒÐ» Ð½Ð° ÑÐ²Ð¾Ð¹ ÑÑ‚Ð¾Ð»... 3 ÐºÑ€ÑƒÐ¶ÐºÐ¸ + 2 Ñ‚Ð°Ñ€ÐµÐ»ÐºÐ¸ Ð¾Ñ‚ ÑÐ¸Ñ‡Ð½Ð¸Ñ†Ñ‹.","[-2&&7ro11&& Ð¯ Ñ‚Ð°Ðº Ð¼Ð¾Ð³Ñƒ ÑÐºÐ°Ð·Ð°Ñ‚ÑŒ ""Ð¥Ð°-Ñ…Ð°, ÐºÑ‚Ð¾ Ð¶ Ñ‚Ð°Ðº Ð´ÐµÐ»Ð°ÐµÑ‚"" (Ð½Ðµ ÑÐ¾Ð²ÑÐµÐ¼, Ð½Ñƒ Ð»Ð°Ð´Ð½Ð¾) Ð¿Ñ€Ð¸Ð½ÐµÑÑ‚Ð¸ Ð»Ð°Ð´Ð½Ð¾, Ð½Ð¾ Ñ Ð¾Ñ‚Ð½Ð¾ÑˆÑƒ Ð²ÑÑ‘ Ð¾Ð±Ñ€Ð°Ñ‚Ð½Ð¾ Ð¸ Ð½Ðµ ÐºÐ¾Ð³Ð´Ð° Ñƒ Ð¼ÐµÐ½Ñ Ñ‚Ð°Ð¼ Ð½Ðµ Ð±Ñ‹Ð²Ð°ÐµÑ‚ 3 ÐºÑ€ÑƒÐ¶ÐºÐ¸ Ð¸ 2 Ñ‚Ð°Ñ€ÐµÐ»ÐºÐ¸, Ð´Ð° Ñ ÑÑƒÑ‰ÐµÑÑ‚Ð²ÑƒÑŽ ]"
"""Ð¥Ð°-Ñ…Ð°, ÐºÑ‚Ð¾ Ð¶ Ñ‚Ð°Ðº Ð´ÐµÐ»Ð°ÐµÑ‚?"" - Ñ…Ð¾Ñ‚ÐµÐ» ÑÐºÐ°Ð·Ð°Ñ‚ÑŒ Ñ, Ð½Ð¾ Ð³Ð»ÑÐ½ÑƒÐ» Ð½Ð° ÑÐ²Ð¾Ð¹ ÑÑ‚Ð¾Ð»... 3 ÐºÑ€ÑƒÐ¶ÐºÐ¸ + 2 Ñ‚Ð°Ñ€ÐµÐ»ÐºÐ¸ Ð¾Ñ‚ ÑÐ¸Ñ‡Ð½Ð¸Ñ†Ñ‹.","[1&&Ochardist&& ÐÐµ Ð¿Ð°Ñ€ÑŒÑÑ, Ð½Ð° ÐºÑƒÑ…Ð½Ðµ Ð¸Ñ… Ð·Ð½Ð°Ñ‡Ð¸Ñ‚ÐµÐ»ÑŒÐ½Ð¾ Ð±Ð¾Ð»ÑŒÑˆÐµ. ]"
ÐžÑÑ‚Ð°Ð²ÑŒ Ð¿Ð¾ Ð¾Ð´Ð½Ð¾Ð¼Ñƒ Ð¿Ñ€Ð¸Ð±Ð¾Ñ€Ñƒ Ð¸ Ð¿Ñ€Ð¾Ð±Ð»ÐµÐ¼Ð° ÑƒÐ¹Ð´ÐµÑ‚ ÑÐ°Ð¼Ð° ÑÐ¾Ð±Ð¾Ð¹,[8&&BorisBogdanoff&& ÐŸÑ€Ð¾Ð±Ð»ÐµÐ¼Ð° ÑƒÐ¹Ð´Ñ‘Ñ‚ - Ð¿Ð¾ÑÑƒÐ´Ð° Ð¾ÑÑ‚Ð°Ð½ÐµÑ‚ÑÑ. ]
"ÐÐ¾ Ð¼ÐµÐ¼ Ð²ÑÑ‘ Ñ€Ð°Ð²Ð½Ð¾ ÑÐ¼ÐµÑˆÐ½Ð¾Ð¹, Ñ…Ð¾Ñ‚ÑŒ Ð¸ Ð½Ðµ Ð¿Ñ€Ð¾ Ð¼ÐµÐ½Ñ!",[1&&Human_Shine_123&& Ð›Ð¾Ð²Ð¸Ñ‚Ðµ Ñ€ÐµÐ¿Ñ‚Ð¸Ð»Ð¾Ð¸Ð´Ð°! ]
Ð›Ð¾Ð²Ð¸Ñ‚Ðµ Ñ€ÐµÐ¿Ñ‚Ð¸Ð»Ð¾Ð¸Ð´Ð°!,[2&&7ro11&& ÐÑƒ Ð²Ð¾Ð¾Ð±Ñ‰Ðµ-Ñ‚Ð¾ Ñ ÐºÐ²Ð°Ð´Ñ€Ð°Ñ‚ â˜ðŸ”² ]
Ð›Ð¾Ð²Ð¸Ñ‚Ðµ Ñ€ÐµÐ¿Ñ‚Ð¸Ð»Ð¾Ð¸Ð´Ð°!,[1&&Vast-Present5421&& ÐœÑ‹ Ñ‚Ð°ÐºÐ¸Ð¼ Ð½Ðµ Ð·Ð°Ð½Ð¸Ð¼Ð°ÐµÐ¼ÑÑ.. ]
[62&&Muskattt&&POST=Ð¥Ð¾Ñ€Ð¾ÑˆÐ¸Ð¹ Ñ‚Ð°Ð¼Ð°Ð´Ð°],"[29&&Vladik1995&& Ð¡ÑƒÐ´Ñ Ð¿Ð¾ Ð²ÑÐµÐ¼Ñƒ Ñ‚Ð°Ð¼ ÑÑ‚Ð¾ Ð² Ð¿Ð¾Ñ€ÑÐ´ÐºÐµ Ð²ÐµÑ‰ÐµÐ¹. ÐÑƒ Ð²Ð°Ð»ÑŒÐ½ÑƒÐ»Ð¸ ÐºÐ¾Ð³Ð¾ Ñ‚Ð¾ ÑÐ»ÑƒÑ‡Ð°Ð¹Ð½Ð¾, Ð½Ñƒ Ð¸ Ñ…ÑƒÐ¹ Ñ Ð½Ð¸Ð¼. ÐŸÐ¾Ñ…ÑƒÐ¹, Ð¿Ð»ÑÑˆÐµÐ¼) ]"
[62&&Muskattt&&POST=Ð¥Ð¾Ñ€Ð¾ÑˆÐ¸Ð¹ Ñ‚Ð°Ð¼Ð°Ð´Ð°],[36&&Avreliy13&& ]
[62&&Muskattt&&POST=Ð¥Ð¾Ñ€Ð¾ÑˆÐ¸Ð¹ Ñ‚Ð°Ð¼Ð°Ð´Ð°],[11&&anamelash&& Ð˜ ÑÑ‚Ð¾ Ð¾Ð½Ð¸ ÐµÑ‰Ðµ Ñ‚Ñ€ÐµÐ·Ð²Ñ‹Ðµ ]
[62&&Muskattt&&POST=Ð¥Ð¾Ñ€Ð¾ÑˆÐ¸Ð¹ Ñ‚Ð°Ð¼Ð°Ð´Ð°],[19&&_Samum_&& ÐšÐ°Ðº Ð´ÐµÑ‚Ð¸ Ð¼Ð°Ð»Ñ‹Ðµ. ÐžÑ€ÑƒÐ¶Ð¸Ðµ ÑÐ»Ð¾Ð²Ð½Ð¾ Ð¸Ð³Ñ€ÑƒÑˆÐºÐ° Ð´Ð»Ñ Ð½Ð¸Ñ…. ]
[62&&Muskattt&&POST=Ð¥Ð¾Ñ€Ð¾ÑˆÐ¸Ð¹ Ñ‚Ð°Ð¼Ð°Ð´Ð°],[13&&drvadick&& ÐžÐ±Ð¾Ð¶Ð°ÑŽ ÑÑ‚Ð¸ Ð°Ñ€Ð°Ð±ÑÐºÐ¸Ðµ Ð²Ð¸Ð´Ð¾ÑÑ‹ Ð¿Ñ€Ð¾ Ð¿Ñ€Ð°Ð²Ð¸Ð»Ð° Ð±ÐµÐ·Ð¾Ð¿Ð°ÑÐ½Ð¾ÑÑ‚Ð¸ Ð¿Ñ€Ð¸ Ð¸ÑÐ¿Ð¾Ð»ÑŒÐ·Ð¾Ð²Ð°Ð½Ð¸Ñ Ð¾Ñ€ÑƒÐ¶Ð¸Ñ! ]
[62&&Muskattt&&POST=Ð¥Ð¾Ñ€Ð¾ÑˆÐ¸Ð¹ Ñ‚Ð°Ð¼Ð°Ð´Ð°],[6&&RECabu&& Ð—Ð°Ð¿Ð¸ÑÐ°Ð» Ð½Ð° Ð²Ð¸Ð´ÐµÐ¾ÐºÐ°ÑÑÐµÑ‚Ñƒ Ð¢Ð°Ð¹Ð½Ð° Ð² ÐµÐ³Ð¾ Ð³Ð»Ð°Ð·Ð°Ñ… Info | GitHub ]
"Ð¡ÑƒÐ´Ñ Ð¿Ð¾ Ð²ÑÐµÐ¼Ñƒ Ñ‚Ð°Ð¼ ÑÑ‚Ð¾ Ð² Ð¿Ð¾Ñ€ÑÐ´ÐºÐµ Ð²ÐµÑ‰ÐµÐ¹. ÐÑƒ Ð²Ð°Ð»ÑŒÐ½ÑƒÐ»Ð¸ ÐºÐ¾Ð³Ð¾ Ñ‚Ð¾ ÑÐ»ÑƒÑ‡Ð°Ð¹Ð½Ð¾, Ð½Ñƒ Ð¸ Ñ…ÑƒÐ¹ Ñ Ð½Ð¸Ð¼. ÐŸÐ¾Ñ…ÑƒÐ¹, Ð¿Ð»ÑÑˆÐµÐ¼)","[18&&BorikGor&& Ð¡Ð²ÑÑ‚Ð¾Ð¹, Ðº ÐÐ»Ð»Ð°Ñ…Ñƒ Ð¿Ð¾ÑˆÑ‘Ð», Ñ€Ð°Ð´ÑƒÐµÐ¼ÑÑ! ]"
"Ð¡Ð²ÑÑ‚Ð¾Ð¹, Ðº ÐÐ»Ð»Ð°Ñ…Ñƒ Ð¿Ð¾ÑˆÑ‘Ð», Ñ€Ð°Ð´ÑƒÐµÐ¼ÑÑ!",[4&&olvol&& Ð ÐÐ»Ð»Ð°Ñ… Ð´Ð»Ñ Ð½ÐµÐ³Ð¾ Ñ‚Ð°Ð¼ Ð²ÑÐµÑ… Ð´ÐµÐ²ÑÑ‚Ð²ÐµÐ½Ð½Ð¸Ñ† Ð¿Ð¾ Ñ€Ð°ÑŽ Ñ…Ð¾Ð´Ð¸Ð»-ÑÐ¾Ð±Ð¸Ñ€Ð°Ð». Ð”Ð° ÑÑ‚Ð¾Ð¼Ñƒ Ð¶Ð¼ÑƒÑ€Ñƒ Ð·Ð°Ð²Ð¸Ð´Ð¾Ð²Ð°Ñ‚ÑŒ Ð½Ð°Ð´Ð¾!! ]
ÐšÐ°Ðº Ð´ÐµÑ‚Ð¸ Ð¼Ð°Ð»Ñ‹Ðµ. ÐžÑ€ÑƒÐ¶Ð¸Ðµ ÑÐ»Ð¾Ð²Ð½Ð¾ Ð¸Ð³Ñ€ÑƒÑˆÐºÐ° Ð´Ð»Ñ Ð½Ð¸Ñ….,[23&&Far_Cat_6127&& Ð¢Ð°Ð¼ ÐºÑ‚Ð¾ Ñ‚Ð¾ Ð´Ð°Ð¶Ðµ Ð¿Ñ€Ð¸Ð»Ñ‘Ð³ Ð²Ð¾Ð½ ]
ÐšÐ°Ðº Ð´ÐµÑ‚Ð¸ Ð¼Ð°Ð»Ñ‹Ðµ. ÐžÑ€ÑƒÐ¶Ð¸Ðµ ÑÐ»Ð¾Ð²Ð½Ð¾ Ð¸Ð³Ñ€ÑƒÑˆÐºÐ° Ð´Ð»Ñ Ð½Ð¸Ñ….,[5&&Tridoubleu&& Ð’ Ð¾Ñ€Ð¸Ð³Ð¸Ð½Ð°Ð»Ðµ Ñ‚Ñ€ÐµÐ´Ð° Ð¿Ð¸ÑˆÑƒÑ‚ Ñ‡Ñ‚Ð¾ Ð¿Ð¾ÑÑ‚Ð°Ð½Ð¾Ð²Ð° ]
Ð¢Ð°Ð¼ ÐºÑ‚Ð¾ Ñ‚Ð¾ Ð´Ð°Ð¶Ðµ Ð¿Ñ€Ð¸Ð»Ñ‘Ð³ Ð²Ð¾Ð½,[28&&_Samum_&& Ð£ÑÑ‚Ð°Ð» Ð¾Ñ‚ Ñ‚Ð°Ð½Ñ†ÐµÐ² Ð²Ð¾Ð·Ð¼Ð¾Ð¶Ð½Ð¾. ]
Ð¢Ð°Ð¼ ÐºÑ‚Ð¾ Ñ‚Ð¾ Ð´Ð°Ð¶Ðµ Ð¿Ñ€Ð¸Ð»Ñ‘Ð³ Ð²Ð¾Ð½,"[9&&CTAKAHbI4&& Ð’ ÑÐ»ÐµÐ´ÑƒÑŽÑ‰ÐµÐ¹ ÐºÐ°Ñ‚ÐºÐµ Ð¾ÐºÐ»ÐµÐ¼Ð°ÐµÑ‚ÑÑ, Ð² ÐšÐ¡ Ð²ÑÐµÐ³Ð´Ð° Ñ‚Ð°Ðº Ð±Ñ‹Ð»Ð¾. ]"
Ð£ÑÑ‚Ð°Ð» Ð¾Ñ‚ Ñ‚Ð°Ð½Ñ†ÐµÐ² Ð²Ð¾Ð·Ð¼Ð¾Ð¶Ð½Ð¾.,[11&&Far_Cat_6127&& Ð§Ñ‚Ð¾ Ñ Ð½Ð¸Ñ… Ð²Ð·ÑÑ‚ÑŒ? - Ð´ÐµÑ‚Ð¸) ]
Ð’ Ð¾Ñ€Ð¸Ð³Ð¸Ð½Ð°Ð»Ðµ Ñ‚Ñ€ÐµÐ´Ð° Ð¿Ð¸ÑˆÑƒÑ‚ Ñ‡Ñ‚Ð¾ Ð¿Ð¾ÑÑ‚Ð°Ð½Ð¾Ð²Ð°,"[5&&SubstanceDue4217&& Ð’ Ð¾Ñ€Ð¸Ð³Ð¸Ð½Ð°Ð»Ðµ ÐµÑ‰Ñ‘ Ð¿Ð¸ÑˆÑƒÑ‚, Ñ‡Ñ‚Ð¾ Ð½Ðµ Ð¿Ð¾ÑÑ‚Ð°Ð½Ð¾Ð²Ð°. https://www.reddit.com/user/johnkngu/ ]"
Ð’ Ð¾Ñ€Ð¸Ð³Ð¸Ð½Ð°Ð»Ðµ Ñ‚Ñ€ÐµÐ´Ð° Ð¿Ð¸ÑˆÑƒÑ‚ Ñ‡Ñ‚Ð¾ Ð¿Ð¾ÑÑ‚Ð°Ð½Ð¾Ð²Ð°,"[2&&sinneren&& Ð”Ð° Ñ‚Ð°Ð¼ Ñ‚Ð°ÐºÐ¸Ñ… Ð¿Ð¾ÑÑ‚Ð°Ð½Ð¾Ð² Ñ‡Ð¾Ñ‚ Ñ‚Ñ‹ÑÑÑ‡Ð¸. Ð§Ñ‚Ð¾ Ñ Ð¼Ð°ÑˆÐ¸Ð½Ð°Ð¼Ð¸ Ð½Ð° Ð´Ð²ÑƒÑ… ÐºÐ¾Ð»ÐµÑÐ°Ñ… Ð²ÐµÑ‡Ð½Ð¾, Ñ‡Ñ‚Ð¾ ÑÑ‚Ð¾ Ð²Ð¾Ñ‚. ÐÑƒ Ð¼Ð°ÑˆÐ¸Ð½Ñ‹ Ð»Ð°Ð´Ð½Ð¾, Ð² Ð¿ÑƒÑÑ‚Ñ‹Ð½Ðµ Ð½Ð° Ñ‚Ñ€Ð°ÑÑÐµ, ÑÐ°Ð¼Ð¸. ÐÐ¾ Ð¸Ð½Ñ‚ÐµÑ€ÐµÑÐ½Ð¾ Ð´Ñ€ÑƒÐ³Ð¾Ðµ, ÑÑ‚Ð°Ñ‚Ð¸ÑÑ‚Ð¸ÐºÐ° ÑƒÐ³Ð¾Ð»Ð¾Ð²Ð¾Ðº Ð·Ð° Ñ‚Ð°ÐºÐ¾Ðµ ]"
"Ð’ Ð¾Ñ€Ð¸Ð³Ð¸Ð½Ð°Ð»Ðµ ÐµÑ‰Ñ‘ Ð¿Ð¸ÑˆÑƒÑ‚, Ñ‡Ñ‚Ð¾ Ð½Ðµ Ð¿Ð¾ÑÑ‚Ð°Ð½Ð¾Ð²Ð°. https://www.reddit.com/user/johnkngu/",[4&&Tridoubleu&& ÐºÑ€ÑƒÐ³Ð¾Ð¼ Ð¿Ð¸Ð·Ð´ÐµÐ¶ÑŒ. ÐºÐ¾Ð¼Ñƒ Ñ‚ÐµÐ¿ÐµÑ€ÑŒ Ð²ÐµÑ€Ð¸Ñ‚ÑŒ ]
"Ð”Ð° Ñ‚Ð°Ð¼ Ñ‚Ð°ÐºÐ¸Ñ… Ð¿Ð¾ÑÑ‚Ð°Ð½Ð¾Ð² Ñ‡Ð¾Ñ‚ Ñ‚Ñ‹ÑÑÑ‡Ð¸. Ð§Ñ‚Ð¾ Ñ Ð¼Ð°ÑˆÐ¸Ð½Ð°Ð¼Ð¸ Ð½Ð° Ð´Ð²ÑƒÑ… ÐºÐ¾Ð»ÐµÑÐ°Ñ… Ð²ÐµÑ‡Ð½Ð¾, Ñ‡Ñ‚Ð¾ ÑÑ‚Ð¾ Ð²Ð¾Ñ‚. ÐÑƒ Ð¼Ð°ÑˆÐ¸Ð½Ñ‹ Ð»Ð°Ð´Ð½Ð¾, Ð² Ð¿ÑƒÑÑ‚Ñ‹Ð½Ðµ Ð½Ð° Ñ‚Ñ€Ð°ÑÑÐµ, ÑÐ°Ð¼Ð¸. ÐÐ¾ Ð¸Ð½Ñ‚ÐµÑ€ÐµÑÐ½Ð¾ Ð´Ñ€ÑƒÐ³Ð¾Ðµ, ÑÑ‚Ð°Ñ‚Ð¸ÑÑ‚Ð¸ÐºÐ° ÑƒÐ³Ð¾Ð»Ð¾Ð²Ð¾Ðº Ð·Ð° Ñ‚Ð°ÐºÐ¾Ðµ","[3&&Trump-o-lantern&& Ð¨Ð°Ñ€Ð¸Ð°Ñ‚Ð¾Ðº? Ð’ÑÐµ, ÐºÐ°Ðº Ð¾Ð»Ð°Ñ… Ð·Ð°Ð²ÐµÑ‰Ð°Ð» ]"
ÐžÐ±Ð¾Ð¶Ð°ÑŽ ÑÑ‚Ð¸ Ð°Ñ€Ð°Ð±ÑÐºÐ¸Ðµ Ð²Ð¸Ð´Ð¾ÑÑ‹ Ð¿Ñ€Ð¾ Ð¿Ñ€Ð°Ð²Ð¸Ð»Ð° Ð±ÐµÐ·Ð¾Ð¿Ð°ÑÐ½Ð¾ÑÑ‚Ð¸ Ð¿Ñ€Ð¸ Ð¸ÑÐ¿Ð¾Ð»ÑŒÐ·Ð¾Ð²Ð°Ð½Ð¸Ñ Ð¾Ñ€ÑƒÐ¶Ð¸Ñ!,[4&&IllGap9320&& Ð Ñ‡Ñ‚Ð¾ ÐµÑÑ‚ÑŒ ÐºÐ°ÐºÐ¸ÐµÑ‚Ð¾ Ð¿Ñ€Ð°Ð²Ð¸Ð»Ð°? ÐžÑ€ÑƒÐ¶Ð¸Ðµ Ð´Ð¾Ð»Ð¶Ð½Ð¾ ÑƒÐ±Ð¸Ð²Ð°Ñ‚ÑŒ. ]
[36&&CTPAX_u_HEHABuCTb&&POST=Jaydeep Gohil (Hydroman) - Ð¿Ð¾Ð´Ð²Ð¾Ð´Ð½Ñ‹Ð¹ Ñ‚Ð°Ð½Ñ†Ð¾Ñ€ Ð¸Ð· Ð˜Ð½Ð´Ð¸Ð¸ (Ð¿Ñ€Ð¾ ÐµÐ³Ð¾ ÑÐ»Ð¾Ð½Ð¾Ð² Ð½Ð¸Ñ‡ÐµÐ³Ð¾ Ð½Ðµ ÑÐºÐ°Ð·Ð°Ð½Ð¾)],[1&&RECabu&& Ð—Ð°Ð¿Ð¸ÑÐ°Ð» Ð½Ð° Ð²Ð¸Ð´ÐµÐ¾ÐºÐ°ÑÑÐµÑ‚Ñƒ Ð—Ð°Ð³Ð°Ð´Ð¾Ñ‡Ð½Ð°Ñ Ð¸ÑÑ‚Ð¾Ñ€Ð¸Ñ Ð‘ÐµÐ½Ð´Ð¶Ð°Ð¼Ð¸Ð½Ð° Ð‘Ð°Ñ‚Ñ‚Ð¾Ð½Ð° Info | GitHub ]
[36&&CTPAX_u_HEHABuCTb&&POST=Jaydeep Gohil (Hydroman) - Ð¿Ð¾Ð´Ð²Ð¾Ð´Ð½Ñ‹Ð¹ Ñ‚Ð°Ð½Ñ†Ð¾Ñ€ Ð¸Ð· Ð˜Ð½Ð´Ð¸Ð¸ (Ð¿Ñ€Ð¾ ÐµÐ³Ð¾ ÑÐ»Ð¾Ð½Ð¾Ð² Ð½Ð¸Ñ‡ÐµÐ³Ð¾ Ð½Ðµ ÑÐºÐ°Ð·Ð°Ð½Ð¾)],[1&&Avreliy13&& Ñƒ Ð½Ð°Ñ Ð½Ð°Ð·Ñ‹Ð²Ð°ÐµÑ‚ÑÑ ÑÐ¸Ð½Ñ…Ñ€Ð¾Ð½Ð½Ð¾Ðµ Ð¿Ð»Ð°Ð²Ð°Ð½Ð¸Ðµ ]
Ñƒ Ð½Ð°Ñ Ð½Ð°Ð·Ñ‹Ð²Ð°ÐµÑ‚ÑÑ ÑÐ¸Ð½Ñ…Ñ€Ð¾Ð½Ð½Ð¾Ðµ Ð¿Ð»Ð°Ð²Ð°Ð½Ð¸Ðµ,"[4&&CTPAX_u_HEHABuCTb&& [Ð·Ð°Ð½ÑƒÐ´Ð° mode on] Ð¡Ð¸Ð½Ñ…Ñ€Ð¾Ð½Ð¸Ð·Ð°Ñ†Ð¸Ñ (Ð¾Ñ‚ â€” Â«Ð²Ð¼ÐµÑÑ‚ÐµÂ» + Â«Ð²Ñ€ÐµÐ¼ÑÂ») â€” Ð¿Ñ€Ð¾Ñ†ÐµÑÑ Ð¿Ñ€Ð¸Ð²ÐµÐ´ÐµÐ½Ð¸Ñ Ðº Ð¾Ð´Ð½Ð¾Ð¼Ñƒ Ð·Ð½Ð°Ñ‡ÐµÐ½Ð¸ÑŽ Ð¾Ð´Ð½Ð¾Ð³Ð¾ Ð¸Ð»Ð¸ Ð½ÐµÑÐºÐ¾Ð»ÑŒÐºÐ¸Ñ… Ñ€Ð°Ð·Ð½Ñ‹Ñ… Ð¾Ð±ÑŠÐµÐºÑ‚Ð¾Ð².Ð° Ð² Ñ€Ð¾Ð»Ð¸ÐºÐµ Ñ Ð²Ð¸Ð¶Ñƒ Ñ‚Ð¾Ð»ÑŒÐºÐ¾ Ð¾Ð´Ð¸Ð½ Ð¾Ð±ÑŠÐµÐºÑ‚ (ÑÐ¾Ð±ÑÑÐ½Ð°, Ð“Ð¸Ð´Ñ€Ð¾Ð¼Ð°Ð½Ð°)) [Ð·Ð°Ð½ÑƒÐ´Ð° mode off] ]"
"[Ð·Ð°Ð½ÑƒÐ´Ð° mode on] Ð¡Ð¸Ð½Ñ…Ñ€Ð¾Ð½Ð¸Ð·Ð°Ñ†Ð¸Ñ (Ð¾Ñ‚ â€” Â«Ð²Ð¼ÐµÑÑ‚ÐµÂ» + Â«Ð²Ñ€ÐµÐ¼ÑÂ») â€” Ð¿Ñ€Ð¾Ñ†ÐµÑÑ Ð¿Ñ€Ð¸Ð²ÐµÐ´ÐµÐ½Ð¸Ñ Ðº Ð¾Ð´Ð½Ð¾Ð¼Ñƒ Ð·Ð½Ð°Ñ‡ÐµÐ½Ð¸ÑŽ Ð¾Ð´Ð½Ð¾Ð³Ð¾ Ð¸Ð»Ð¸ Ð½ÐµÑÐºÐ¾Ð»ÑŒÐºÐ¸Ñ… Ñ€Ð°Ð·Ð½Ñ‹Ñ… Ð¾Ð±ÑŠÐµÐºÑ‚Ð¾Ð².Ð° Ð² Ñ€Ð¾Ð»Ð¸ÐºÐµ Ñ Ð²Ð¸Ð¶Ñƒ Ñ‚Ð¾Ð»ÑŒÐºÐ¾ Ð¾Ð´Ð¸Ð½ Ð¾Ð±ÑŠÐµÐºÑ‚ (ÑÐ¾Ð±ÑÑÐ½Ð°, Ð“Ð¸Ð´Ñ€Ð¾Ð¼Ð°Ð½Ð°)) [Ð·Ð°Ð½ÑƒÐ´Ð° mode off]",[6&&Shady_hatter&& ÐŸÑ€Ð¾ÑÑ‚Ð¾ ÑÐ»Ð¾Ð½Ñ‹ Ð² ÐºÐ°Ð´Ñ€ Ð½Ðµ Ð²Ð»ÐµÐ·Ð»Ð¸. ]
[51&&MaTRESHkaRus&&POST=ÐšÐ°Ðº Ð²Ð°Ð¼ Ð¿Ð¾Ð±ÐµÐ´Ð¸Ñ‚ÐµÐ»Ð¸ Ð¿Ñ€ÐµÐ¼Ð¸Ð¸ Â«Ð›ÑƒÑ‡ÑˆÐ¸Ð¹ Ð¿Ñ€Ð¾Ð¼Ñ‹ÑˆÐ»ÐµÐ½Ð½Ñ‹Ð¹ Ð´Ð¸Ð·Ð°Ð¹Ð½ Ð Ð¾ÑÑÐ¸Ð¸Â»],"[56&&anyd3v&& ÐŸÑ€Ð¾Ð¼Ñ‹ÑˆÐ»ÐµÐ½Ð½Ñ‹Ð¹ Ð´Ð¸Ð·Ð°Ð¹Ð½ ÑÑ‚Ð¾ ÐºÐ¾Ð³Ð´Ð° Ð´Ð¸Ð·Ð¸Ð³Ð½ÐµÑ€ Ñ€Ð¸ÑÑƒÐµÑ‚ ÑÐ²Ð¾Ð¸ Ñ„Ð°Ð½Ñ‚Ð°Ð·Ð¸Ð¸, Ð° ÐºÐ¾Ð³Ð´Ð° Ð´Ð¾Ñ…Ð¾Ð´Ð¸Ñ‚ Ð´Ð¾ Ñ€ÐµÐ°Ð»Ð¸Ð·Ð°Ñ†Ð¸Ð¸ Ð¾ÐºÐ°Ð·Ñ‹Ð²Ð°ÐµÑ‚ÑÑ Ñ‡Ñ‚Ð¾ Ñ„Ð¸Ð·Ð¸ÐºÐ° Ð±ÐµÑÐ¿Ð¾Ñ‰Ð°Ð´Ð½Ð°Ñ ÑÑƒÐºÐ°? Ð˜Ð»Ð¸ ÑÑ‚Ð¾ ÑƒÐ¶Ðµ ÐºÐ°ÐºÐ¸Ðµ Ñ‚Ð¾ Ñ€Ð°Ð±Ð¾Ñ‡Ð¸Ðµ Ð¿Ñ€Ð¾Ñ‚Ð¾Ñ‚Ð¸Ð¿Ñ‹? ]"
[51&&MaTRESHkaRus&&POST=ÐšÐ°Ðº Ð²Ð°Ð¼ Ð¿Ð¾Ð±ÐµÐ´Ð¸Ñ‚ÐµÐ»Ð¸ Ð¿Ñ€ÐµÐ¼Ð¸Ð¸ Â«Ð›ÑƒÑ‡ÑˆÐ¸Ð¹ Ð¿Ñ€Ð¾Ð¼Ñ‹ÑˆÐ»ÐµÐ½Ð½Ñ‹Ð¹ Ð´Ð¸Ð·Ð°Ð¹Ð½ Ð Ð¾ÑÑÐ¸Ð¸Â»],"[33&&sneggorod&& ÐžÑÑ‚Ð°Ð½Ð¾Ð²ÐºÑƒ Ð½Ðµ Ð¿Ñ€Ð°Ð²Ð¸Ð»ÑŒÐ½Ð¾ ÑÐ´ÐµÐ»Ð°Ð»Ð¸. ÐžÐ½Ð° Ð´Ð¾Ð»Ð¶Ð½Ð° Ð±Ñ‹Ñ‚ÑŒ Ð¿Ñ€Ð¾Ð·Ñ€Ð°Ñ‡Ð½Ð°Ñ Ð¿Ð¾ Ð¼Ð°ÐºÑÐ¸Ð¼ÑƒÐ¼Ñƒ, ÑÑ‚Ð¾ Ð´Ð»Ñ Ð±ÐµÐ·Ð¾Ð¿Ð°ÑÐ½Ð¾ÑÑ‚Ð¸ Ð²Ð°Ð¶Ð½Ð¾ Ð´Ð° Ð¸ Ð¿Ñ€Ð¾ÑÑ‚Ð¾ Ð¿Ñ€Ð¾Ñ‰Ðµ Ð·Ð° Ð¿Ð¾Ð´Ñ…Ð¾Ð´ÑÑ‰Ð¸Ð¼ Ñ‚Ñ€Ð°Ð½ÑÐ¿Ð¾Ñ€Ñ‚Ð¾Ð¼ Ð»ÐµÐ³Ñ‡Ðµ ÑÐ¼Ð¾Ñ‚Ñ€ÐµÑ‚ÑŒ. Ð¡ÐºÐ°Ð¼ÐµÐ¹ÐºÐ° Ð¼Ð¾Ð³Ð»Ð° Ð±Ñ‹Ñ‚ÑŒ Ð¸ ÑÐ¾ ÑÐ¿Ð¸Ð½ÐºÐ¾Ð¹. Ð¡ÐºÐ¾Ð»ÑŒÐºÐ¾ Ð½Ð° ÑÑ‚Ð¾Ð¹ Ð¾ÑÑ‚Ð°Ð½Ð¾Ð²ÐºÐµ Ð¿Ð¾Ð¼ÐµÑÑ‚Ð¸Ñ‚ÑÑ Ð»ÑŽÐ´ÐµÐ¹ ÑÐºÑ€Ñ‹Ð²Ð°ÑŽÑ‰Ð¸Ñ…ÑÑ Ð¾Ñ‚ ÑÐ¾Ð»Ð½Ñ†Ð° Ð¸Ð»Ð¸ Ð´Ð¾Ð¶Ð´Ñ? Ð£Ñ€Ð½Ð° Ð³Ð´Ðµ? Ð’ Ð¾Ð±Ñ‰ÐµÐ¼ Ð²Ð¾Ð¿Ñ€Ð¾ÑÐ¾Ð² Ðº Ð½ÐµÐ¹ Ð¼Ð½Ð¾Ð³Ð¾. ÐŸÐ¾ÐºÐ° ÑÑ‚Ð¾ ÐºÐ°Ð±Ð¸Ð½ÐºÐ° Ð´Ð»Ñ Ñ‚Ñ€Ð°Ð½ÑÐ»ÑÑ†Ð¸Ð¸ Ñ€ÐµÐºÐ»Ð°Ð¼Ñ‹, Ð° Ð½Ðµ Ð¾ÑÑ‚Ð°Ð½Ð¾Ð²ÐºÐ°. ]"
[51&&MaTRESHkaRus&&POST=ÐšÐ°Ðº Ð²Ð°Ð¼ Ð¿Ð¾Ð±ÐµÐ´Ð¸Ñ‚ÐµÐ»Ð¸ Ð¿Ñ€ÐµÐ¼Ð¸Ð¸ Â«Ð›ÑƒÑ‡ÑˆÐ¸Ð¹ Ð¿Ñ€Ð¾Ð¼Ñ‹ÑˆÐ»ÐµÐ½Ð½Ñ‹Ð¹ Ð´Ð¸Ð·Ð°Ð¹Ð½ Ð Ð¾ÑÑÐ¸Ð¸Â»],"[8&&smta1&& ÐžÑÑ‚Ð°Ð½Ð¾Ð²ÐºÐ° ÑÑ‚Ñ€Ð°ÑˆÐ½Ð°Ñ, Ð¼Ð°Ð»Ð¾Ð²Ð¼ÐµÑÑ‚Ð¸Ñ‚ÐµÐ»ÑŒÐ½Ð°Ñ Ð¸ Ð½Ðµ Ð¾ÑÐ¾Ð±Ð¾ Ð·Ð°Ñ‰Ð¸Ñ‰Ð°ÐµÑ‚ Ð¾Ñ‚ Ð½ÐµÐ¿Ð¾Ð³Ð¾Ð´Ñ‹, Ð´Ð° Ð¸ Ð¿Ð°Ð½ÐµÐ»Ð¸ Ð½Ðµ Ð½ÑƒÐ¶Ð¾Ð½Ñ‹, Ð¸Ð¼Ñ…Ð¾ Ð´ÐµÑˆÐµÐ²Ð»Ðµ Ð±ÑƒÐ´ÐµÑ‚ ÐºÐ°Ð±ÐµÐ»ÑŒ Ð¿Ð¾Ð´ Ð¿Ð»Ð¸Ñ‚ÐºÐ¾Ð¹ Ð¿Ñ€Ð¾Ð»Ð¾Ð¶Ð¸Ñ‚ÑŒ, ÐºÐ¾Ð³Ð´Ð° ÐµÑ‘ Ð¾Ñ‡ÐµÑ€ÐµÐ´Ð½Ð¾Ð¹ Ñ€Ð°Ð· Ð¼ÐµÐ½ÑÑ‚ÑŒ Ð±ÑƒÐ´ÑƒÑ‚, Ñ‡ÐµÐ¼ Ð¸Ñ… Ð¾Ð±ÑÐ»ÑƒÐ¶Ð¸Ð²Ð°Ñ‚ÑŒ. Ð’ Ð¾ÑÑ‚Ð°Ð»ÑŒÐ½Ð¾Ð¼ Ð´Ð¸Ð·Ð°Ð¹Ð½ ÐºÐ°Ðº Ð´Ð¸Ð·Ð°Ð¹Ð½. ]"
[51&&MaTRESHkaRus&&POST=ÐšÐ°Ðº Ð²Ð°Ð¼ Ð¿Ð¾Ð±ÐµÐ´Ð¸Ñ‚ÐµÐ»Ð¸ Ð¿Ñ€ÐµÐ¼Ð¸Ð¸ Â«Ð›ÑƒÑ‡ÑˆÐ¸Ð¹ Ð¿Ñ€Ð¾Ð¼Ñ‹ÑˆÐ»ÐµÐ½Ð½Ñ‹Ð¹ Ð´Ð¸Ð·Ð°Ð¹Ð½ Ð Ð¾ÑÑÐ¸Ð¸Â»],[4&&alxumuk&& Ð Ð¿Ð¾Ñ‡ÐµÐ¼Ñƒ Ð¾Ñ‚ Ð¢ÐµÐ¼Ñ‹ Ð›ÐµÐ±ÐµÐ´ÐµÐ²Ð° Ð½Ð¸Ñ‡ÐµÐ³Ð¾ Ð½ÐµÑ‚? Ð¯ Ð´Ð°Ð¶Ðµ Ð·Ð°Ð±ÐµÑÐ¿Ð¾ÐºÐ¾Ð¸Ð»ÑÑ... ]
[51&&MaTRESHkaRus&&POST=ÐšÐ°Ðº Ð²Ð°Ð¼ Ð¿Ð¾Ð±ÐµÐ´Ð¸Ñ‚ÐµÐ»Ð¸ Ð¿Ñ€ÐµÐ¼Ð¸Ð¸ Â«Ð›ÑƒÑ‡ÑˆÐ¸Ð¹ Ð¿Ñ€Ð¾Ð¼Ñ‹ÑˆÐ»ÐµÐ½Ð½Ñ‹Ð¹ Ð´Ð¸Ð·Ð°Ð¹Ð½ Ð Ð¾ÑÑÐ¸Ð¸Â»],"[6&&PhysicalAssignment94&& Ð’ÐµÑ€Ñ‚Ð¾Ð»ÐµÑ‚ ÐºÐ°Ðº Ð²ÐµÑ€Ñ‚Ð¾Ð»ÐµÑ‚, Ð²Ð¿Ð¾Ð»Ð½Ðµ ÑÐµÐ±Ðµ Ð²ÐµÑ€Ñ‚Ð¾Ð»ÐµÑ‚Ð½Ñ‹Ð¹. Ð”Ð²Ð¸Ð¶Ð¾Ðº Ð¼Ð¾Ð¶ÐµÑ‚ Ð¸ Ð½Ð¾Ð²Ñ‹Ð¹, Ð½Ð¾ Ð´Ð¸Ð·Ð°Ð¹Ð½ Ð¾Ð±Ñ‹Ñ‡Ð½Ñ‹Ð¹. ÐžÑÑ‚Ð°Ð½Ð¾Ð²ÐºÐ° Ð³Ð¾Ð´Ð½Ð°Ñ. Ð—Ð°Ð¿Ñ€Ð°Ð²ÐºÐ° Ð¼Ð°Ð»Ð¾Ð²Ð°Ñ‚Ð¾ Ð²Ñ‹Ñ…Ð¾Ð´Ð¾Ð² Ð¸Ð¼ÐµÐµÑ‚. Ð’Ñ€Ð¾Ð´Ðµ Ñ‚Ñ€Ð¸ Ð²Ð°Ñ€Ð¸Ð°Ð½Ñ‚Ð° Ñ‰Ð°Ñ Ñ€Ð°ÑÐ¿Ñ€Ð¾ÑÑ‚Ñ€Ð°Ð½ÐµÐ½Ñ‹, Ð° ÑˆÐ½ÑƒÑ€Ð¾Ð² Ð´Ð²Ð°. Ð‘Ð°Ð½ÐºÐ¾Ð¼Ð°Ñ‚ ÑˆÐ¸Ñ€Ð¾ÐºÐ¸Ð¹ ÑÐ¸Ð»ÑŒÐ½Ð¾. Ð Ð·Ð° Ð¿Ñ€Ð¾Ñ‚ÐµÐ· Ð¿ÑƒÑÑ‚ÑŒ Ð¿Ð¾Ð»ÑŒÐ·Ð¾Ð²Ð°Ñ‚ÐµÐ»Ð¸ Ð³Ð¾Ð²Ð¾Ñ€ÑÑ‚. ÐÐ° Ð½Ð°ÑˆÐµÐ¼ ÑƒÑ€Ð¾Ð²Ð½Ðµ Ñ‚ÐµÑ…Ð½Ð¾Ð»Ð¾Ð³Ð¸Ð¹ Ð¼Ð¾Ð¶Ð½Ð¾ ÑÐ´ÐµÐ»Ð°Ñ‚ÑŒ Ð³Ð¾Ð´Ð½Ñ‹Ðµ Ð´ÐµÐ²Ð°Ð¹ÑÑ‹, ÐµÑÐ»Ð¸ Ñ…Ð¾Ñ€Ð¾ÑˆÐ¾ Ð´ÐµÐ½ÐµÐ³ Ð² Ñ€Ð°Ð·Ñ€Ð°Ð±Ð¾Ñ‚ÐºÑƒ Ð²Ð»Ð¾Ð¶Ð¸Ñ‚ÑŒ ]"
[51&&MaTRESHkaRus&&POST=ÐšÐ°Ðº Ð²Ð°Ð¼ Ð¿Ð¾Ð±ÐµÐ´Ð¸Ñ‚ÐµÐ»Ð¸ Ð¿Ñ€ÐµÐ¼Ð¸Ð¸ Â«Ð›ÑƒÑ‡ÑˆÐ¸Ð¹ Ð¿Ñ€Ð¾Ð¼Ñ‹ÑˆÐ»ÐµÐ½Ð½Ñ‹Ð¹ Ð´Ð¸Ð·Ð°Ð¹Ð½ Ð Ð¾ÑÑÐ¸Ð¸Â»],[4&&gelctalta&& ÐÑƒ Ð²Ñ€Ð¾Ð´Ðµ Ð½Ð¾Ñ€Ð¼ ]
[51&&MaTRESHkaRus&&POST=ÐšÐ°Ðº Ð²Ð°Ð¼ Ð¿Ð¾Ð±ÐµÐ´Ð¸Ñ‚ÐµÐ»Ð¸ Ð¿Ñ€ÐµÐ¼Ð¸Ð¸ Â«Ð›ÑƒÑ‡ÑˆÐ¸Ð¹ Ð¿Ñ€Ð¾Ð¼Ñ‹ÑˆÐ»ÐµÐ½Ð½Ñ‹Ð¹ Ð´Ð¸Ð·Ð°Ð¹Ð½ Ð Ð¾ÑÑÐ¸Ð¸Â»],"[15&&azcket&& Ð Ð³Ð´Ðµ Ð¿Ð¾ÑÐ¼Ð¾Ñ‚Ñ€ÐµÑ‚ÑŒ Ð¿Ð¾Ð±ÐµÐ´Ð¸Ñ‚ÐµÐ»ÐµÐ¹ ""Ð›ÑƒÑ‡ÑˆÐ°Ñ Ð½Ð°Ñ€Ð¸ÑÐ¾Ð²Ð°Ð½Ð½Ð°Ñ Ð´Ð¾Ñ€Ð¾Ð³Ð° Ð Ð¾ÑÑÐ¸Ð¸""? ]"
"ÐŸÑ€Ð¾Ð¼Ñ‹ÑˆÐ»ÐµÐ½Ð½Ñ‹Ð¹ Ð´Ð¸Ð·Ð°Ð¹Ð½ ÑÑ‚Ð¾ ÐºÐ¾Ð³Ð´Ð° Ð´Ð¸Ð·Ð¸Ð³Ð½ÐµÑ€ Ñ€Ð¸ÑÑƒÐµÑ‚ ÑÐ²Ð¾Ð¸ Ñ„Ð°Ð½Ñ‚Ð°Ð·Ð¸Ð¸, Ð° ÐºÐ¾Ð³Ð´Ð° Ð´Ð¾Ñ…Ð¾Ð´Ð¸Ñ‚ Ð´Ð¾ Ñ€ÐµÐ°Ð»Ð¸Ð·Ð°Ñ†Ð¸Ð¸ Ð¾ÐºÐ°Ð·Ñ‹Ð²Ð°ÐµÑ‚ÑÑ Ñ‡Ñ‚Ð¾ Ñ„Ð¸Ð·Ð¸ÐºÐ° Ð±ÐµÑÐ¿Ð¾Ñ‰Ð°Ð´Ð½Ð°Ñ ÑÑƒÐºÐ°? Ð˜Ð»Ð¸ ÑÑ‚Ð¾ ÑƒÐ¶Ðµ ÐºÐ°ÐºÐ¸Ðµ Ñ‚Ð¾ Ñ€Ð°Ð±Ð¾Ñ‡Ð¸Ðµ Ð¿Ñ€Ð¾Ñ‚Ð¾Ñ‚Ð¸Ð¿Ñ‹?","[11&&MaTRESHkaRus&& Ð‘ÐµÑÐ¿Ð¸Ð»Ð¾Ñ‚Ð½Ñ‹Ð¹ Ð²ÐµÑ€Ñ‚Ð¾Ð»ÐµÑ‚, Ð·Ð°Ñ€ÑÐ´Ð½Ð°Ñ ÑÑ‚Ð°Ð½Ñ†Ð¸Ñ Ð¸ Ð±Ð°Ð½ÐºÐ¾Ð¼Ð°Ñ‚ - Ñ‚Ð¾Ñ‡Ð½Ð¾ Ñ€Ð°Ð±Ð¾Ñ‡Ð¸Ðµ) Ð±Ð°Ð½ÐºÐ¾Ð¼Ð°Ñ‚Ñ‹ Ñ‚Ð°Ðº Ð²Ð¾Ð¾Ð±Ñ‰Ðµ Ð²Ñ€Ð¾Ð´Ðµ ÐºÐ°Ðº Ð² ÑÐµÑ€Ð¸ÑŽ Ð·Ð°Ð¿ÑƒÑÑ‚Ð¸Ð»Ð¸ ÑƒÐ¶Ðµ Ð² Ð¿Ñ€Ð¾Ð¸Ð·Ð²Ð¾Ð´ÑÑ‚Ð²Ð¾ Ð¼Ð°ÑÑÐ¾Ð²Ð¾Ðµ ]"
"Ð‘ÐµÑÐ¿Ð¸Ð»Ð¾Ñ‚Ð½Ñ‹Ð¹ Ð²ÐµÑ€Ñ‚Ð¾Ð»ÐµÑ‚, Ð·Ð°Ñ€ÑÐ´Ð½Ð°Ñ ÑÑ‚Ð°Ð½Ñ†Ð¸Ñ Ð¸ Ð±Ð°Ð½ÐºÐ¾Ð¼Ð°Ñ‚ - Ñ‚Ð¾Ñ‡Ð½Ð¾ Ñ€Ð°Ð±Ð¾Ñ‡Ð¸Ðµ) Ð±Ð°Ð½ÐºÐ¾Ð¼Ð°Ñ‚Ñ‹ Ñ‚Ð°Ðº Ð²Ð¾Ð¾Ð±Ñ‰Ðµ Ð²Ñ€Ð¾Ð´Ðµ ÐºÐ°Ðº Ð² ÑÐµÑ€Ð¸ÑŽ Ð·Ð°Ð¿ÑƒÑÑ‚Ð¸Ð»Ð¸ ÑƒÐ¶Ðµ Ð² Ð¿Ñ€Ð¾Ð¸Ð·Ð²Ð¾Ð´ÑÑ‚Ð²Ð¾ Ð¼Ð°ÑÑÐ¾Ð²Ð¾Ðµ","[4&&_hellbar&& ÐÐ°ÑÑ‡ÐµÑ‚ Ð±Ð°Ð½ÐºÐ¾Ð¼Ð°Ñ‚Ð¾Ð² Ñ‚Ñ‹ Ð¿Ð¾ÑˆÑƒÑ‚Ð¸Ð» Ð²Ð¸Ð´Ð°Ñ‚ÑŒ. Ð¯ ÐºÐ°Ðº Ñ‚Ð¾ Ð½Ð°ÑÑ‚Ñ€Ð°Ð¸Ð²Ð°Ð» ÑÐ»ÐµÐºÑ‚Ñ€Ð¾Ð½Ð½Ñ‹Ðµ Ð¾Ñ‡ÐµÑ€ÐµÐ´Ð¸ Ñ Ð½Ð°Ñ‡Ð¸Ð½ÐºÐ¾Ð¹ Ð½Ð° ÑÐ»ÑŒÐ±Ñ€ÑƒÑÐ°Ñ…. Ð­Ñ‚Ð¾ Ð»ÑŽÑ‚Ñ‹Ð¹ Ð¿Ð¸Ð·Ð´ÐµÑ†, Ð½Ð° Ð´Ñ€ÐµÐ²Ð½Ð¸Ñ… Ñ†ÐµÐ»ÐµÑ€Ð¾Ð½Ð°Ñ… Ð²ÑÐµ Ð»ÑƒÑ‡ÑˆÐµ Ñ€Ð°Ð±Ð¾Ñ‚Ð°Ð»Ð¾. Ð˜ Ñ€ÐµÐ³ÑƒÐ»ÑÑ€Ð½Ð¾ Ð²ÑÐµ Ð¿Ð°Ð´Ð°Ð»Ð¾, Ð¸ Ñ‚Ñ€ÐµÐ±Ð¾Ð²Ð°Ð»Ð¾ÑÑŒ Ð´Ð½ÑÐ¼Ð¸ Ð¾Ð±Ñ‰Ð°Ñ‚ÑŒÑÑ Ñ ÑÐ°Ð¿Ð¿Ð¾Ñ€Ñ‚Ð¾Ð¼ Ð¸ ÑÑ‚Ð°Ð²Ð¸Ñ‚ÑŒ Ð¿Ð°Ñ‚Ñ‡Ð¸, Ð¸ Ñ‚Ð°Ðº Ð±ÐµÐ· ÐºÐ¾Ð½Ñ†Ð°, Ð¿Ð¾ÐºÐ° Ð½Ð°Ð³ Ð½Ðµ Ñ€ÐµÑˆÐ¸Ð»Ð¸ Ð¾Ñ‚ÐºÐ°Ð·Ð°Ñ‚ÑŒÑÑ Ð¾Ñ‚ ÑÑ‚Ð¾Ð³Ð¾ Ð´ÐµÑ€ÑŒÐ¼Ð° ]"
"ÐžÑÑ‚Ð°Ð½Ð¾Ð²ÐºÑƒ Ð½Ðµ Ð¿Ñ€Ð°Ð²Ð¸Ð»ÑŒÐ½Ð¾ ÑÐ´ÐµÐ»Ð°Ð»Ð¸. ÐžÐ½Ð° Ð´Ð¾Ð»Ð¶Ð½Ð° Ð±Ñ‹Ñ‚ÑŒ Ð¿Ñ€Ð¾Ð·Ñ€Ð°Ñ‡Ð½Ð°Ñ Ð¿Ð¾ Ð¼Ð°ÐºÑÐ¸Ð¼ÑƒÐ¼Ñƒ, ÑÑ‚Ð¾ Ð´Ð»Ñ Ð±ÐµÐ·Ð¾Ð¿Ð°ÑÐ½Ð¾ÑÑ‚Ð¸ Ð²Ð°Ð¶Ð½Ð¾ Ð´Ð° Ð¸ Ð¿Ñ€Ð¾ÑÑ‚Ð¾ Ð¿Ñ€Ð¾Ñ‰Ðµ Ð·Ð° Ð¿Ð¾Ð´Ñ…Ð¾Ð´ÑÑ‰Ð¸Ð¼ Ñ‚Ñ€Ð°Ð½ÑÐ¿Ð¾Ñ€Ñ‚Ð¾Ð¼ Ð»ÐµÐ³Ñ‡Ðµ ÑÐ¼Ð¾Ñ‚Ñ€ÐµÑ‚ÑŒ. Ð¡ÐºÐ°Ð¼ÐµÐ¹ÐºÐ° Ð¼Ð¾Ð³Ð»Ð° Ð±Ñ‹Ñ‚ÑŒ Ð¸ ÑÐ¾ ÑÐ¿Ð¸Ð½ÐºÐ¾Ð¹. Ð¡ÐºÐ¾Ð»ÑŒÐºÐ¾ Ð½Ð° ÑÑ‚Ð¾Ð¹ Ð¾ÑÑ‚Ð°Ð½Ð¾Ð²ÐºÐµ Ð¿Ð¾Ð¼ÐµÑÑ‚Ð¸Ñ‚ÑÑ Ð»ÑŽÐ´ÐµÐ¹ ÑÐºÑ€Ñ‹Ð²Ð°ÑŽÑ‰Ð¸Ñ…ÑÑ Ð¾Ñ‚ ÑÐ¾Ð»Ð½Ñ†Ð° Ð¸Ð»Ð¸ Ð´Ð¾Ð¶Ð´Ñ? Ð£Ñ€Ð½Ð° Ð³Ð´Ðµ? Ð’ Ð¾Ð±Ñ‰ÐµÐ¼ Ð²Ð¾Ð¿Ñ€Ð¾ÑÐ¾Ð² Ðº Ð½ÐµÐ¹ Ð¼Ð½Ð¾Ð³Ð¾. ÐŸÐ¾ÐºÐ° ÑÑ‚Ð¾ ÐºÐ°Ð±Ð¸Ð½ÐºÐ° Ð´Ð»Ñ Ñ‚Ñ€Ð°Ð½ÑÐ»ÑÑ†Ð¸Ð¸ Ñ€ÐµÐºÐ»Ð°Ð¼Ñ‹, Ð° Ð½Ðµ Ð¾ÑÑ‚Ð°Ð½Ð¾Ð²ÐºÐ°.","[6&&NMi_ru&& Ð£Ñ€Ð½Ð° Ð²Ð¾Ð½, ÑÐ½Ð¸Ð·Ñƒ, Ð³Ð¾Ð»ÑƒÐ±Ñ‹Ð¼ Ð¿Ð¾Ð´ÑÐ²ÐµÑ‡ÐµÐ½Ð° /s ]"
"ÐžÑÑ‚Ð°Ð½Ð¾Ð²ÐºÑƒ Ð½Ðµ Ð¿Ñ€Ð°Ð²Ð¸Ð»ÑŒÐ½Ð¾ ÑÐ´ÐµÐ»Ð°Ð»Ð¸. ÐžÐ½Ð° Ð´Ð¾Ð»Ð¶Ð½Ð° Ð±Ñ‹Ñ‚ÑŒ Ð¿Ñ€Ð¾Ð·Ñ€Ð°Ñ‡Ð½Ð°Ñ Ð¿Ð¾ Ð¼Ð°ÐºÑÐ¸Ð¼ÑƒÐ¼Ñƒ, ÑÑ‚Ð¾ Ð´Ð»Ñ Ð±ÐµÐ·Ð¾Ð¿Ð°ÑÐ½Ð¾ÑÑ‚Ð¸ Ð²Ð°Ð¶Ð½Ð¾ Ð´Ð° Ð¸ Ð¿Ñ€Ð¾ÑÑ‚Ð¾ Ð¿Ñ€Ð¾Ñ‰Ðµ Ð·Ð° Ð¿Ð¾Ð´Ñ…Ð¾Ð´ÑÑ‰Ð¸Ð¼ Ñ‚Ñ€Ð°Ð½ÑÐ¿Ð¾Ñ€Ñ‚Ð¾Ð¼ Ð»ÐµÐ³Ñ‡Ðµ ÑÐ¼Ð¾Ñ‚Ñ€ÐµÑ‚ÑŒ. Ð¡ÐºÐ°Ð¼ÐµÐ¹ÐºÐ° Ð¼Ð¾Ð³Ð»Ð° Ð±Ñ‹Ñ‚ÑŒ Ð¸ ÑÐ¾ ÑÐ¿Ð¸Ð½ÐºÐ¾Ð¹. Ð¡ÐºÐ¾Ð»ÑŒÐºÐ¾ Ð½Ð° ÑÑ‚Ð¾Ð¹ Ð¾ÑÑ‚Ð°Ð½Ð¾Ð²ÐºÐµ Ð¿Ð¾Ð¼ÐµÑÑ‚Ð¸Ñ‚ÑÑ Ð»ÑŽÐ´ÐµÐ¹ ÑÐºÑ€Ñ‹Ð²Ð°ÑŽÑ‰Ð¸Ñ…ÑÑ Ð¾Ñ‚ ÑÐ¾Ð»Ð½Ñ†Ð° Ð¸Ð»Ð¸ Ð´Ð¾Ð¶Ð´Ñ? Ð£Ñ€Ð½Ð° Ð³Ð´Ðµ? Ð’ Ð¾Ð±Ñ‰ÐµÐ¼ Ð²Ð¾Ð¿Ñ€Ð¾ÑÐ¾Ð² Ðº Ð½ÐµÐ¹ Ð¼Ð½Ð¾Ð³Ð¾. ÐŸÐ¾ÐºÐ° ÑÑ‚Ð¾ ÐºÐ°Ð±Ð¸Ð½ÐºÐ° Ð´Ð»Ñ Ñ‚Ñ€Ð°Ð½ÑÐ»ÑÑ†Ð¸Ð¸ Ñ€ÐµÐºÐ»Ð°Ð¼Ñ‹, Ð° Ð½Ðµ Ð¾ÑÑ‚Ð°Ð½Ð¾Ð²ÐºÐ°.",[9&&imfknbest4u&& Ð£Ñ€Ð½Ð° Ð²Ð¾ÐºÑ€ÑƒÐ³ Ð¾ÑÑ‚Ð°Ð½Ð¾Ð²ÐºÐ¸ ]
"ÐžÑÑ‚Ð°Ð½Ð¾Ð²ÐºÑƒ Ð½Ðµ Ð¿Ñ€Ð°Ð²Ð¸Ð»ÑŒÐ½Ð¾ ÑÐ´ÐµÐ»Ð°Ð»Ð¸. ÐžÐ½Ð° Ð´Ð¾Ð»Ð¶Ð½Ð° Ð±Ñ‹Ñ‚ÑŒ Ð¿Ñ€Ð¾Ð·Ñ€Ð°Ñ‡Ð½Ð°Ñ Ð¿Ð¾ Ð¼Ð°ÐºÑÐ¸Ð¼ÑƒÐ¼Ñƒ, ÑÑ‚Ð¾ Ð´Ð»Ñ Ð±ÐµÐ·Ð¾Ð¿Ð°ÑÐ½Ð¾ÑÑ‚Ð¸ Ð²Ð°Ð¶Ð½Ð¾ Ð´Ð° Ð¸ Ð¿Ñ€Ð¾ÑÑ‚Ð¾ Ð¿Ñ€Ð¾Ñ‰Ðµ Ð·Ð° Ð¿Ð¾Ð´Ñ…Ð¾Ð´ÑÑ‰Ð¸Ð¼ Ñ‚Ñ€Ð°Ð½ÑÐ¿Ð¾Ñ€Ñ‚Ð¾Ð¼ Ð»ÐµÐ³Ñ‡Ðµ ÑÐ¼Ð¾Ñ‚Ñ€ÐµÑ‚ÑŒ. Ð¡ÐºÐ°Ð¼ÐµÐ¹ÐºÐ° Ð¼Ð¾Ð³Ð»Ð° Ð±Ñ‹Ñ‚ÑŒ Ð¸ ÑÐ¾ ÑÐ¿Ð¸Ð½ÐºÐ¾Ð¹. Ð¡ÐºÐ¾Ð»ÑŒÐºÐ¾ Ð½Ð° ÑÑ‚Ð¾Ð¹ Ð¾ÑÑ‚Ð°Ð½Ð¾Ð²ÐºÐµ Ð¿Ð¾Ð¼ÐµÑÑ‚Ð¸Ñ‚ÑÑ Ð»ÑŽÐ´ÐµÐ¹ ÑÐºÑ€Ñ‹Ð²Ð°ÑŽÑ‰Ð¸Ñ…ÑÑ Ð¾Ñ‚ ÑÐ¾Ð»Ð½Ñ†Ð° Ð¸Ð»Ð¸ Ð´Ð¾Ð¶Ð´Ñ? Ð£Ñ€Ð½Ð° Ð³Ð´Ðµ? Ð’ Ð¾Ð±Ñ‰ÐµÐ¼ Ð²Ð¾Ð¿Ñ€Ð¾ÑÐ¾Ð² Ðº Ð½ÐµÐ¹ Ð¼Ð½Ð¾Ð³Ð¾. ÐŸÐ¾ÐºÐ° ÑÑ‚Ð¾ ÐºÐ°Ð±Ð¸Ð½ÐºÐ° Ð´Ð»Ñ Ñ‚Ñ€Ð°Ð½ÑÐ»ÑÑ†Ð¸Ð¸ Ñ€ÐµÐºÐ»Ð°Ð¼Ñ‹, Ð° Ð½Ðµ Ð¾ÑÑ‚Ð°Ð½Ð¾Ð²ÐºÐ°.","[3&&gtiger86&& Ð’Ñ‚Ð¾Ñ€Ð¾Ðµ Ð¿Ñ€ÐµÐ´Ð»Ð¾Ð¶ÐµÐ½Ð¸Ðµ Ñ‡Ð¸Ñ‚Ð°Ð» Ð¸ ÑÑ€Ð°Ð·Ñƒ Ð¿Ð¾Ð´ÑƒÐ¼Ð°Ð», Ð° ÐºÑƒÐ´Ð° Ñ€ÐµÐºÐ»Ð°Ð¼Ñƒ Ð²ÐµÑˆÐ°Ñ‚ÑŒ?)) Ð´Ð¾ ÐºÐ¾Ð½Ñ†Ð° Ð´Ð¾Ñ‡Ð¸Ñ‚Ð°Ð» - ÑÑ‚Ð°Ð»Ð¾ Ð¿Ð¾Ð½ÑÑ‚Ð½Ð¾. ]"
"ÐžÑÑ‚Ð°Ð½Ð¾Ð²ÐºÑƒ Ð½Ðµ Ð¿Ñ€Ð°Ð²Ð¸Ð»ÑŒÐ½Ð¾ ÑÐ´ÐµÐ»Ð°Ð»Ð¸. ÐžÐ½Ð° Ð´Ð¾Ð»Ð¶Ð½Ð° Ð±Ñ‹Ñ‚ÑŒ Ð¿Ñ€Ð¾Ð·Ñ€Ð°Ñ‡Ð½Ð°Ñ Ð¿Ð¾ Ð¼Ð°ÐºÑÐ¸Ð¼ÑƒÐ¼Ñƒ, ÑÑ‚Ð¾ Ð´Ð»Ñ Ð±ÐµÐ·Ð¾Ð¿Ð°ÑÐ½Ð¾ÑÑ‚Ð¸ Ð²Ð°Ð¶Ð½Ð¾ Ð´Ð° Ð¸ Ð¿Ñ€Ð¾ÑÑ‚Ð¾ Ð¿Ñ€Ð¾Ñ‰Ðµ Ð·Ð° Ð¿Ð¾Ð´Ñ…Ð¾Ð´ÑÑ‰Ð¸Ð¼ Ñ‚Ñ€Ð°Ð½ÑÐ¿Ð¾Ñ€Ñ‚Ð¾Ð¼ Ð»ÐµÐ³Ñ‡Ðµ ÑÐ¼Ð¾Ñ‚Ñ€ÐµÑ‚ÑŒ. Ð¡ÐºÐ°Ð¼ÐµÐ¹ÐºÐ° Ð¼Ð¾Ð³Ð»Ð° Ð±Ñ‹Ñ‚ÑŒ Ð¸ ÑÐ¾ ÑÐ¿Ð¸Ð½ÐºÐ¾Ð¹. Ð¡ÐºÐ¾Ð»ÑŒÐºÐ¾ Ð½Ð° ÑÑ‚Ð¾Ð¹ Ð¾ÑÑ‚Ð°Ð½Ð¾Ð²ÐºÐµ Ð¿Ð¾Ð¼ÐµÑÑ‚Ð¸Ñ‚ÑÑ Ð»ÑŽÐ´ÐµÐ¹ ÑÐºÑ€Ñ‹Ð²Ð°ÑŽÑ‰Ð¸Ñ…ÑÑ Ð¾Ñ‚ ÑÐ¾Ð»Ð½Ñ†Ð° Ð¸Ð»Ð¸ Ð´Ð¾Ð¶Ð´Ñ? Ð£Ñ€Ð½Ð° Ð³Ð´Ðµ? Ð’ Ð¾Ð±Ñ‰ÐµÐ¼ Ð²Ð¾Ð¿Ñ€Ð¾ÑÐ¾Ð² Ðº Ð½ÐµÐ¹ Ð¼Ð½Ð¾Ð³Ð¾. ÐŸÐ¾ÐºÐ° ÑÑ‚Ð¾ ÐºÐ°Ð±Ð¸Ð½ÐºÐ° Ð´Ð»Ñ Ñ‚Ñ€Ð°Ð½ÑÐ»ÑÑ†Ð¸Ð¸ Ñ€ÐµÐºÐ»Ð°Ð¼Ñ‹, Ð° Ð½Ðµ Ð¾ÑÑ‚Ð°Ð½Ð¾Ð²ÐºÐ°.","[4&&Awichek&& Ð—Ð°Ð³Ð¾Ñ€Ð¾Ð´Ð½Ñ‹Ðµ Ð¾ÑÑ‚Ð°Ð½Ð¾Ð²ÐºÐ¸ ÑÐ¾Ð²ÐµÑ‚ÑÐºÐ¾Ð³Ð¾ Ð¾Ð±Ñ€Ð°Ð·Ñ†Ð°, ÐºÐ¾Ñ‚Ð¾Ñ€Ñ‹Ðµ ÑÐºÐ¾Ñ€ÐµÐµ Ð½Ð°Ð¿Ð¾Ð¼Ð¸Ð½Ð°ÑŽÑ‚ Ð¼Ð¸Ð½Ð¸-Ð´Ð¾Ñ‚, ÑÐ¼Ð¾Ñ‚Ñ€ÑÑ‚ Ð½Ð° Ð²Ð°Ñˆ ÐºÐ¾Ð¼Ð¼ÐµÐ½Ñ‚Ð°Ñ€Ð¸Ð¹ Ñ Ð½ÐµÐ¾Ð´Ð¾Ð±Ñ€ÐµÐ½Ð¸ÐµÐ¼) ]"
"ÐžÑÑ‚Ð°Ð½Ð¾Ð²ÐºÑƒ Ð½Ðµ Ð¿Ñ€Ð°Ð²Ð¸Ð»ÑŒÐ½Ð¾ ÑÐ´ÐµÐ»Ð°Ð»Ð¸. ÐžÐ½Ð° Ð´Ð¾Ð»Ð¶Ð½Ð° Ð±Ñ‹Ñ‚ÑŒ Ð¿Ñ€Ð¾Ð·Ñ€Ð°Ñ‡Ð½Ð°Ñ Ð¿Ð¾ Ð¼Ð°ÐºÑÐ¸Ð¼ÑƒÐ¼Ñƒ, ÑÑ‚Ð¾ Ð´Ð»Ñ Ð±ÐµÐ·Ð¾Ð¿Ð°ÑÐ½Ð¾ÑÑ‚Ð¸ Ð²Ð°Ð¶Ð½Ð¾ Ð´Ð° Ð¸ Ð¿Ñ€Ð¾ÑÑ‚Ð¾ Ð¿Ñ€Ð¾Ñ‰Ðµ Ð·Ð° Ð¿Ð¾Ð´Ñ…Ð¾Ð´ÑÑ‰Ð¸Ð¼ Ñ‚Ñ€Ð°Ð½ÑÐ¿Ð¾Ñ€Ñ‚Ð¾Ð¼ Ð»ÐµÐ³Ñ‡Ðµ ÑÐ¼Ð¾Ñ‚Ñ€ÐµÑ‚ÑŒ. Ð¡ÐºÐ°Ð¼ÐµÐ¹ÐºÐ° Ð¼Ð¾Ð³Ð»Ð° Ð±Ñ‹Ñ‚ÑŒ Ð¸ ÑÐ¾ ÑÐ¿Ð¸Ð½ÐºÐ¾Ð¹. Ð¡ÐºÐ¾Ð»ÑŒÐºÐ¾ Ð½Ð° ÑÑ‚Ð¾Ð¹ Ð¾ÑÑ‚Ð°Ð½Ð¾Ð²ÐºÐµ Ð¿Ð¾Ð¼ÐµÑÑ‚Ð¸Ñ‚ÑÑ Ð»ÑŽÐ´ÐµÐ¹ ÑÐºÑ€Ñ‹Ð²Ð°ÑŽÑ‰Ð¸Ñ…ÑÑ Ð¾Ñ‚ ÑÐ¾Ð»Ð½Ñ†Ð° Ð¸Ð»Ð¸ Ð´Ð¾Ð¶Ð´Ñ? Ð£Ñ€Ð½Ð° Ð³Ð´Ðµ? Ð’ Ð¾Ð±Ñ‰ÐµÐ¼ Ð²Ð¾Ð¿Ñ€Ð¾ÑÐ¾Ð² Ðº Ð½ÐµÐ¹ Ð¼Ð½Ð¾Ð³Ð¾. ÐŸÐ¾ÐºÐ° ÑÑ‚Ð¾ ÐºÐ°Ð±Ð¸Ð½ÐºÐ° Ð´Ð»Ñ Ñ‚Ñ€Ð°Ð½ÑÐ»ÑÑ†Ð¸Ð¸ Ñ€ÐµÐºÐ»Ð°Ð¼Ñ‹, Ð° Ð½Ðµ Ð¾ÑÑ‚Ð°Ð½Ð¾Ð²ÐºÐ°.",[0&&Argury&& Ð ÐºÐ°Ðº Ð¶Ðµ Ð¿Ð¾Ð¿Ð¸ÑÑÑ‚ÑŒ Ð² ÑƒÐ³Ð¾Ð»Ð¾Ðº? ]
Ð£Ñ€Ð½Ð° Ð²Ð¾ÐºÑ€ÑƒÐ³ Ð¾ÑÑ‚Ð°Ð½Ð¾Ð²ÐºÐ¸,"[6&&inkscapefrom&& Ð’Ð¾ÐºÑ€ÑƒÐ³ Ð¾ÑÑ‚Ð°Ð½Ð¾Ð²ÐºÐ¸ ÑÐ¾Ñ€Ñ‚Ð¸Ñ€, Ð²Ð¾Ð¾Ð±Ñ‰Ðµ-Ñ‚Ð¾. ]"
"Ð’Ð¾ÐºÑ€ÑƒÐ³ Ð¾ÑÑ‚Ð°Ð½Ð¾Ð²ÐºÐ¸ ÑÐ¾Ñ€Ñ‚Ð¸Ñ€, Ð²Ð¾Ð¾Ð±Ñ‰Ðµ-Ñ‚Ð¾.",[2&&che_dima&& Ð’Ð¾Ñ‚ Ð½Ð¸ÐºÐ¾Ð³Ð´Ð° ÑÑ‚Ð¾Ð³Ð¾ Ð½Ðµ Ð¿Ð¾Ð½Ð¸Ð¼Ð°Ð» - ÑÑÐ°Ñ‚ÑŒ Ñƒ Ð¾ÑÑ‚Ð°Ð½Ð¾Ð²ÐºÐ¸. ÐÑƒ ÐµÑÑ‚ÑŒ Ð¶Ðµ Ð»Ð¸Ñ„Ñ‚Ñ‹ Ð¸ Ð»ÐµÑÑ‚Ð½Ð¸Ñ‡Ð½Ñ‹Ðµ ÐºÐ»ÐµÑ‚ÐºÐ¸. Ð—Ð°Ñ‡ÐµÐ¼ Ñ€ÑƒÑˆÐ¸Ñ‚ÑŒ Ñ‚Ñ€Ð°Ð´Ð¸Ñ†Ð¸Ð¾Ð½Ð½Ñ‹Ð¹ ÑƒÐºÐ»Ð°Ð´? ]
"Ð—Ð°Ð³Ð¾Ñ€Ð¾Ð´Ð½Ñ‹Ðµ Ð¾ÑÑ‚Ð°Ð½Ð¾Ð²ÐºÐ¸ ÑÐ¾Ð²ÐµÑ‚ÑÐºÐ¾Ð³Ð¾ Ð¾Ð±Ñ€Ð°Ð·Ñ†Ð°, ÐºÐ¾Ñ‚Ð¾Ñ€Ñ‹Ðµ ÑÐºÐ¾Ñ€ÐµÐµ Ð½Ð°Ð¿Ð¾Ð¼Ð¸Ð½Ð°ÑŽÑ‚ Ð¼Ð¸Ð½Ð¸-Ð´Ð¾Ñ‚, ÑÐ¼Ð¾Ñ‚Ñ€ÑÑ‚ Ð½Ð° Ð²Ð°Ñˆ ÐºÐ¾Ð¼Ð¼ÐµÐ½Ñ‚Ð°Ñ€Ð¸Ð¹ Ñ Ð½ÐµÐ¾Ð´Ð¾Ð±Ñ€ÐµÐ½Ð¸ÐµÐ¼)","[5&&alxumuk&& Ð•ÑÑ‚ÑŒ Ð¿Ð¾Ð´Ð²Ð°Ð»ÑŒÐ½Ñ‹Ðµ Ð¿Ð¾Ð¼ÐµÑ‰ÐµÐ½Ð¸Ñ, ÐºÐ¾Ñ‚Ð¾Ñ€Ñ‹Ðµ Ð¼Ð¾Ð³ÑƒÑ‚ Ð¸ÑÐ¿Ð¾Ð»ÑŒÐ·Ð¾Ð²Ð°Ñ‚ÑŒÑÑ, ÐºÐ°Ðº Ð½Ð¾Ñ‡Ð½Ð¾Ð¹ ÐºÐ»ÑƒÐ±, Ð° ÐµÑÑ‚ÑŒ Ð¿Ð¾Ð´Ð²Ð°Ð»ÑŒÐ½Ñ‹Ðµ Ð¿Ð¾Ð¼ÐµÑ‰ÐµÐ½Ð¸Ñ, ÐºÐ¾Ñ‚Ð¾Ñ€Ñ‹Ðµ Ð¼Ð¾Ð³ÑƒÑ‚ Ð¸ÑÐ¿Ð¾Ð»ÑŒÐ·Ð¾Ð²Ð°Ñ‚ÑŒÑÑ, ÐºÐ°Ðº Ð±Ð¾Ð¼Ð±Ð¾ÑƒÐ±ÐµÐ¶Ð¸Ñ‰Ð°. Ð¯ Ð¿Ð¾Ð»Ð°Ð³Ð°ÑŽ, Ñ‚ÑƒÑ‚ Ñ‚Ð°ÐºÐ°Ñ Ð¶Ðµ Ñ€Ð°Ð·Ð½Ð¸Ñ†Ð°. ]"
"Ð—Ð°Ð³Ð¾Ñ€Ð¾Ð´Ð½Ñ‹Ðµ Ð¾ÑÑ‚Ð°Ð½Ð¾Ð²ÐºÐ¸ ÑÐ¾Ð²ÐµÑ‚ÑÐºÐ¾Ð³Ð¾ Ð¾Ð±Ñ€Ð°Ð·Ñ†Ð°, ÐºÐ¾Ñ‚Ð¾Ñ€Ñ‹Ðµ ÑÐºÐ¾Ñ€ÐµÐµ Ð½Ð°Ð¿Ð¾Ð¼Ð¸Ð½Ð°ÑŽÑ‚ Ð¼Ð¸Ð½Ð¸-Ð´Ð¾Ñ‚, ÑÐ¼Ð¾Ñ‚Ñ€ÑÑ‚ Ð½Ð° Ð²Ð°Ñˆ ÐºÐ¾Ð¼Ð¼ÐµÐ½Ñ‚Ð°Ñ€Ð¸Ð¹ Ñ Ð½ÐµÐ¾Ð´Ð¾Ð±Ñ€ÐµÐ½Ð¸ÐµÐ¼)",[4&&mike10kV&& ÐžÑÑ‚Ð°Ð½Ð¾Ð²ÐºÐ°-Ð”ÐžÐ¢ - ÑÑ‚Ð¾ Ð¿Ñ€Ð°Ð²Ð¸Ð»ÑŒÐ½Ð°Ñ Ð¾ÑÑ‚Ð°Ð½Ð¾Ð²ÐºÐ°. ÐžÑÐ¾Ð±ÐµÐ½Ð½Ð¾ Ð² Ð½Ñ‹Ð½ÐµÑˆÐ½Ð¸Ñ… Ñ€ÐµÐ°Ð»Ð¸ÑÑ…. ]
Ð ÐºÐ°Ðº Ð¶Ðµ Ð¿Ð¾Ð¿Ð¸ÑÑÑ‚ÑŒ Ð² ÑƒÐ³Ð¾Ð»Ð¾Ðº?,"[1&&inkscapefrom&& Ð’ Ð¿Ñ€Ð¸Ð»Ð¸Ñ‡Ð½Ð¾Ð¼ Ð¾Ð±Ñ‰ÐµÑÑ‚Ð²Ðµ Ð½Ðµ Ð² ÑƒÐ³Ð¾Ð»Ð¾Ðº Ð¿Ð¸ÑÑÑŽÑ‚, Ð° ÑÐ¿Ñ€Ð°Ð²Ð»ÑÑŽÑ‚ Ð¼Ð°Ð»ÑƒÑŽ Ð½ÑƒÐ¶Ð´Ñƒ. ]"
Ð Ð¿Ð¾Ñ‡ÐµÐ¼Ñƒ Ð¾Ñ‚ Ð¢ÐµÐ¼Ñ‹ Ð›ÐµÐ±ÐµÐ´ÐµÐ²Ð° Ð½Ð¸Ñ‡ÐµÐ³Ð¾ Ð½ÐµÑ‚? Ð¯ Ð´Ð°Ð¶Ðµ Ð·Ð°Ð±ÐµÑÐ¿Ð¾ÐºÐ¾Ð¸Ð»ÑÑ...,[1&&HACCAHO&& Ð¾Ñ‚ Ð½ÐµÐ³Ð¾ Ð²ÑÐµ Ð³Ð¾Ð´Ð½Ñ‹Ðµ Ð´Ð¸Ð·Ð°Ð¹Ð½ÐµÑ€Ñ‹ ÑÑŒÐµÐ±Ð°Ð»Ð¸. ]
Ð¾Ñ‚ Ð½ÐµÐ³Ð¾ Ð²ÑÐµ Ð³Ð¾Ð´Ð½Ñ‹Ðµ Ð´Ð¸Ð·Ð°Ð¹Ð½ÐµÑ€Ñ‹ ÑÑŒÐµÐ±Ð°Ð»Ð¸.,[6&&ktototot&& ÐŸÐ¸Ð·Ð´ÐµÑ†. ÐšÑ‚Ð¾ Ð¶ Ñ‚ÐµÐ¿ÐµÑ€ÑŒ Ð³Ð¾Ñ€Ð¾Ð´Ð°Ð¼ Ð³Ð¾Ð´Ð½Ñ‹Ðµ Ð»Ð¾Ð³Ð¾Ñ‚Ð¸Ð¿Ñ‹ Ð±ÑƒÐ´ÐµÑ‚ Ð´ÐµÐ»Ð°Ñ‚ÑŒ?! ((( ]
Ð¾Ñ‚ Ð½ÐµÐ³Ð¾ Ð²ÑÐµ Ð³Ð¾Ð´Ð½Ñ‹Ðµ Ð´Ð¸Ð·Ð°Ð¹Ð½ÐµÑ€Ñ‹ ÑÑŒÐµÐ±Ð°Ð»Ð¸.,"[3&&alxumuk&& Ð¢Ð¾, Ñ‡Ñ‚Ð¾ Ð¾Ð½ Ð¼Ð½Ð¾Ð³Ð¾ Ñ‡ÐµÐ³Ð¾ ÑƒÐ¼ÑƒÐ´Ñ€Ð¸Ð»ÑÑ Ð¿Ñ€Ð¾ÑÑ€Ð°Ñ‚ÑŒ ÑÑ‚Ð¾ Ð¿Ð¾Ð½ÑÑ‚Ð½Ð¾. ÐŸÐ¾Ñ‡ÐµÐ¼Ñƒ Ð¾Ð½ ÑƒÐ¼ÑƒÐ´Ñ€Ð¸Ð»ÑÑ Ð¿Ñ€Ð¾ÑÑ€Ð°Ñ‚ÑŒ ÑÐ²Ð¾Ð¹ ""Ð»Ð¸Ñ‡Ð½Ñ‹Ð¹ Ð±Ñ€ÐµÐ½Ð´"" ÑƒÐ¶Ðµ ÑÑ‚Ñ€Ð°Ð½Ð½Ð¾. Ðž Ð½ÐµÐ¼ Ð½Ðµ Ð²Ð¸Ð´Ð½Ð¾, Ð¾ Ð½ÐµÐ¼ Ð½Ðµ ÑÐ»Ñ‹ÑˆÐ½Ð¾, Ð¾ Ð½ÐµÐ¼ Ð½Ðµ ÑƒÐ¿Ð¾Ð¼Ð¸Ð½Ð°ÑŽÑ‚ Ð´Ð°Ð¶Ðµ Ð² ÑƒÐ·ÐºÐ¾Ð¹ Ð¿Ñ€Ð¾Ñ„ÐµÑÑÐ¸Ð¾Ð½Ð°Ð»ÑŒÐ½Ð¾Ð¹ ÑÑ„ÐµÑ€Ðµ, ÐºÐ°Ðº Ð¿Ð¾Ð´Ð¾Ð±Ð½Ð°Ñ Ð¿Ñ€ÐµÐ¼Ð¸Ñ. Ð Ð¿Ð¾ Ð¿Ñ€Ð¾Ð¼Ð´Ð¸Ð·Ð°Ð¹Ð½Ñƒ Ð¾Ð½ Ñ‚Ð¸Ð¿Ð° Ð±Ñ‹Ð» Ð¾Ð´Ð¸Ð½ Ð¸Ð· Ð½ÐµÐ¼Ð½Ð¾Ð³Ð¸Ñ…, ÐºÑ‚Ð¾ Ð² Ð½ÐµÐ³Ð¾ Ð¼Ð¾Ð³ (Ð½Ñƒ, Ñ ÐµÐ³Ð¾ ÑÐ»Ð¾Ð², ÐºÐ¾Ð½ÐµÑ‡Ð½Ð¾) ]"
ÐŸÐ¸Ð·Ð´ÐµÑ†. ÐšÑ‚Ð¾ Ð¶ Ñ‚ÐµÐ¿ÐµÑ€ÑŒ Ð³Ð¾Ñ€Ð¾Ð´Ð°Ð¼ Ð³Ð¾Ð´Ð½Ñ‹Ðµ Ð»Ð¾Ð³Ð¾Ñ‚Ð¸Ð¿Ñ‹ Ð±ÑƒÐ´ÐµÑ‚ Ð´ÐµÐ»Ð°Ñ‚ÑŒ?! (((,"[1&&HACCAHO&& Ð³Ð¾Ð´Ð½Ñ‹Ð¹ Ð»Ð¾Ð³Ð¾Ñ‚Ð¸Ð¿, Ð´Ð°Ð¶Ðµ ÑÐµÐ¹Ñ‡Ð°Ñ Ð²ÑÐµ Ð·Ð½Ð°ÑŽÑ‚ Ñ‡Ñ‚Ð¾ Ð¾Ð½ Ð¾Ð·Ð½Ð°Ñ‡Ð°ÐµÑ‚. ]"
"Ð Ð³Ð´Ðµ Ð¿Ð¾ÑÐ¼Ð¾Ñ‚Ñ€ÐµÑ‚ÑŒ Ð¿Ð¾Ð±ÐµÐ´Ð¸Ñ‚ÐµÐ»ÐµÐ¹ ""Ð›ÑƒÑ‡ÑˆÐ°Ñ Ð½Ð°Ñ€Ð¸ÑÐ¾Ð²Ð°Ð½Ð½Ð°Ñ Ð´Ð¾Ñ€Ð¾Ð³Ð° Ð Ð¾ÑÑÐ¸Ð¸""?","[3&&FaithlessnessIll3493&& Ðš ÑÐ²Ð¾ÐµÐ¼Ñƒ ÑƒÐ´Ð¸Ð²Ð»ÐµÐ½Ð¸ÑŽ Ð¾Ð±Ð½Ð°Ñ€ÑƒÐ¶Ð¸Ð» Ñ‡Ñ‚Ð¾ Ð´Ð¾Ñ€Ð¾Ð³Ð¸ Ñƒ Ð½Ð°Ñ Ð²ÐµÑÑŒÐ¼Ð° Ð½Ðµ Ð¿Ð»Ð¾Ñ…Ð¸Ðµ. ÐšÐ°Ñ‚Ð°Ð»ÑÑ ÑÑ‚Ð¸Ð¼ Ð»ÐµÑ‚Ð¾Ð¼ Ð¸Ð· ÐœÐ¾ÑÐºÐ²Ñ‹ Ð² Ð¡Ð¾Ñ‡Ð¸, ÐÑ€Ñ…Ñ‹Ð· Ð¸ Ð­Ð»ÑŒÐ±Ñ€ÑƒÑ(7-8Ñ‚.ÐºÐ¼) Ð¸ Ð¿Ñ€Ð°ÐºÑ‚Ð¸Ñ‡ÐµÑÐºÐ¸ Ð½Ð¸Ð³Ð´Ðµ Ð½Ðµ Ð±Ñ‹Ð»Ð¾ Ð¶Ð¾Ð¿Ð½Ñ‹Ñ… Ð´Ð¾Ñ€Ð¾Ð³. ]"
"Ð Ð³Ð´Ðµ Ð¿Ð¾ÑÐ¼Ð¾Ñ‚Ñ€ÐµÑ‚ÑŒ Ð¿Ð¾Ð±ÐµÐ´Ð¸Ñ‚ÐµÐ»ÐµÐ¹ ""Ð›ÑƒÑ‡ÑˆÐ°Ñ Ð½Ð°Ñ€Ð¸ÑÐ¾Ð²Ð°Ð½Ð½Ð°Ñ Ð´Ð¾Ñ€Ð¾Ð³Ð° Ð Ð¾ÑÑÐ¸Ð¸""?",[0&&zheka100pudov&& ÐÐ° Ñ„Ð¾Ñ€ÑƒÐ¼Ðµ Ñ„Ð¾Ñ‚Ð¾ÑˆÐ¾Ð¿Ð°. ]
[51&&Express_Rub_8588&&POST=ÐŸÐ¾Ñ…Ð¾Ð´Ñƒ Ð¿Ð°ÑƒÐ»ÑŒÑ‚ Ð¸Ñ‰ÐµÑ‚ðŸ˜],"[10&&Avreliy13&& Ð·Ð°ÑÑ‚Ñ€ÑÐ»Ð°, Ð´ÑƒÐ¼Ð°ÑŽ... ]"
[51&&Express_Rub_8588&&POST=ÐŸÐ¾Ñ…Ð¾Ð´Ñƒ Ð¿Ð°ÑƒÐ»ÑŒÑ‚ Ð¸Ñ‰ÐµÑ‚ðŸ˜],[8&&Casper_1313&& Ð‘ÐµÐ· Ð¿Ð¾Ð¼Ð¾Ñ‰Ð¸ ÑÐ²Ð¾Ð´Ð½Ð¾Ð³Ð¾ Ð±Ñ€Ð°Ñ‚Ð¸ÐºÐ° Ð½Ðµ Ð¾Ð±Ð¾Ð¹Ñ‚Ð¸ÑÑŒ! ]
[51&&Express_Rub_8588&&POST=ÐŸÐ¾Ñ…Ð¾Ð´Ñƒ Ð¿Ð°ÑƒÐ»ÑŒÑ‚ Ð¸Ñ‰ÐµÑ‚ðŸ˜],[5&&Artoneil&& ]
[51&&Express_Rub_8588&&POST=ÐŸÐ¾Ñ…Ð¾Ð´Ñƒ Ð¿Ð°ÑƒÐ»ÑŒÑ‚ Ð¸Ñ‰ÐµÑ‚ðŸ˜],[4&&VikMo91&& Ð¢Ð¸Ð¿Ð¸Ñ‡Ð½Ð°Ñ ÑÐ²Ð¾Ð´Ð½Ð°Ñ ÑÐµÑÑ‚Ñ€Ð° ]
[51&&Express_Rub_8588&&POST=ÐŸÐ¾Ñ…Ð¾Ð´Ñƒ Ð¿Ð°ÑƒÐ»ÑŒÑ‚ Ð¸Ñ‰ÐµÑ‚ðŸ˜],[3&&Mihan_The_Man&& Ð˜ Ð³Ð´Ðµ Ð¶Ðµ ÑÑ‚Ð¾Ñ‚ Ñ‘Ð±Ð°Ð½Ñ‹Ð¹ Ð¿Ð°ÑƒÐ»ÑŒÑ‚? ðŸ‘º ]
[51&&Express_Rub_8588&&POST=ÐŸÐ¾Ñ…Ð¾Ð´Ñƒ Ð¿Ð°ÑƒÐ»ÑŒÑ‚ Ð¸Ñ‰ÐµÑ‚ðŸ˜],[3&&Kritzien&& Ð¯Ð´Ñ€ÐµÐ½Ð°Ñ Ð²Ð°Ð»Ð°Ð³Ð°Ð½Ð¸ÑˆÐ½Ð° Ð¿Ð¾ Ð½Ð¾Ð³Ð°Ð¼ Ñ€Ð°ÑÐ¿Ð»ÐµÑÐºÐ°Ð»Ð°ÑÑŒ. Ð¥Ñ€ÐµÐ½Ð°ÑÐµ Ñ‚Ð°Ð¼ ÑˆÑ‚Ð°Ð½Ñ‹ Ð¾Ð±Ð»ÐµÐ³Ð°ÑŽÑ‚! ]
[51&&Express_Rub_8588&&POST=ÐŸÐ¾Ñ…Ð¾Ð´Ñƒ Ð¿Ð°ÑƒÐ»ÑŒÑ‚ Ð¸Ñ‰ÐµÑ‚ðŸ˜],[2&&add_file&& Ð§Ñ‚Ð¾ Ð·Ð° ÐºÐ¾Ð²ÐµÑ€ Ñ‚Ð°ÐºÐ¾Ð¹ Ð¼ÑÐ³ÐºÐ¸Ð¹? ]
[51&&Express_Rub_8588&&POST=ÐŸÐ¾Ñ…Ð¾Ð´Ñƒ Ð¿Ð°ÑƒÐ»ÑŒÑ‚ Ð¸Ñ‰ÐµÑ‚ðŸ˜],[1&&RECabu&& Ð—Ð°Ð¿Ð¸ÑÐ°Ð» Ð½Ð° Ð²Ð¸Ð´ÐµÐ¾ÐºÐ°ÑÑÐµÑ‚Ñƒ ÐŸÑÐ¸Ñ…Ð¾ Info | GitHub ]
Ð‘ÐµÐ· Ð¿Ð¾Ð¼Ð¾Ñ‰Ð¸ ÑÐ²Ð¾Ð´Ð½Ð¾Ð³Ð¾ Ð±Ñ€Ð°Ñ‚Ð¸ÐºÐ° Ð½Ðµ Ð¾Ð±Ð¾Ð¹Ñ‚Ð¸ÑÑŒ!,"[6&&Trump-o-lantern&& Ð˜Ð´Ñƒ, Ð¼Ð¾Ð¹ ÑÐ»Ð°Ð´ÐºÐ¸Ð¹ ]"
Ð˜ Ð³Ð´Ðµ Ð¶Ðµ ÑÑ‚Ð¾Ñ‚ Ñ‘Ð±Ð°Ð½Ñ‹Ð¹ Ð¿Ð°ÑƒÐ»ÑŒÑ‚? ðŸ‘º,[1&&Avreliy13&& ]
,[3&&Mihan_The_Man&& Ð­Ñ‚Ð¾ Ð¾Ð½? ÐŸÐ°ÑƒÐ»ÑŒÑ‚? ]
[12&&Express_Rub_8588&&POST=Ð”ÐµÐ²Ð¾Ñ‡ÐºÐ° Ñ Ð½Ð°Ð²Ñ‹ÐºÐ°Ð¼Ð¸ðŸ˜],[4&&Massive-Somewhere-82&& Ð½Ñƒ Ð¿ÐµÑ€ÐµÐ¾Ð´ÐµÑ‚ÑŒÑÑ Ð¿Ð¾ÐºÐ° Ð²ÐµÑ€Ñ‚Ð¸ÑˆÑŒ ÐºÑ€ÑƒÐ¶ÐºÑƒ Ñ Ð¿Ð¸Ð²Ð¾Ð¼ Ð½Ðµ ÐºÐ°Ð¶Ð´Ñ‹Ð¹ ÑÐ¼Ð¾Ð¶ÐµÑ‚ ]
[12&&Express_Rub_8588&&POST=Ð”ÐµÐ²Ð¾Ñ‡ÐºÐ° Ñ Ð½Ð°Ð²Ñ‹ÐºÐ°Ð¼Ð¸ðŸ˜],[1&&RECabu&& Ð—Ð°Ð¿Ð¸ÑÐ°Ð» Ð½Ð° Ð²Ð¸Ð´ÐµÐ¾ÐºÐ°ÑÑÐµÑ‚Ñƒ ÐšÐ¸Ñ‚Ð°Ð¹ÑÐºÐ¸Ð¹ ÐºÐ²Ð°Ñ€Ñ‚Ð°Ð» Info | GitHub ]
[12&&Express_Rub_8588&&POST=Ð”ÐµÐ²Ð¾Ñ‡ÐºÐ° Ñ Ð½Ð°Ð²Ñ‹ÐºÐ°Ð¼Ð¸ðŸ˜],[2&&BeshKot&& ÐœÐ¸Ð»Ð°Ñ…Ð° ]
Ð½Ñƒ Ð¿ÐµÑ€ÐµÐ¾Ð´ÐµÑ‚ÑŒÑÑ Ð¿Ð¾ÐºÐ° Ð²ÐµÑ€Ñ‚Ð¸ÑˆÑŒ ÐºÑ€ÑƒÐ¶ÐºÑƒ Ñ Ð¿Ð¸Ð²Ð¾Ð¼ Ð½Ðµ ÐºÐ°Ð¶Ð´Ñ‹Ð¹ ÑÐ¼Ð¾Ð¶ÐµÑ‚,[4&&ipStealth&& ÐŸÐ¾Ñ…Ð¾Ð´Ñƒ Ð¿ÐµÑ€Ð²ÑƒÑŽ Ð»Ð¸Ñ‚Ñ€Ñƒ ÑÐµÐ±Ðµ Ð½Ð° ÑÐ¿Ð¸Ð½Ñƒ Ð²Ñ‹Ð»Ð¸Ð»Ð° ]
[28&&DolbitSurround&&POST=Ð”ÐµÐ½ÑŒÐ³Ð¸ Ð½Ðµ Ñ€ÐµÑˆÐµÐ½Ð¸Ðµ Ð²ÑÐµÑ… Ð¿Ñ€Ð¾Ð±Ð»ÐµÐ¼.],[5&&pathalogian&& Ð£Ð´Ð¸Ð²Ð¸Ñ‚ÐµÐ»ÑŒÐ½Ñ‹Ð¹ Ð¼Ð¸Ñ€ Ð“Ð°Ð¼Ð±Ð¾Ð»Ð° - ÑˆÐµÐ´ÐµÐ²Ñ€ Ð°Ð½Ð¸Ð¼Ð°Ñ†Ð¸Ð¸ ))) ]
[28&&DolbitSurround&&POST=Ð”ÐµÐ½ÑŒÐ³Ð¸ Ð½Ðµ Ñ€ÐµÑˆÐµÐ½Ð¸Ðµ Ð²ÑÐµÑ… Ð¿Ñ€Ð¾Ð±Ð»ÐµÐ¼.],"[13&&Huoirus&& ÐŸÑ€Ð¸Ð¼ÐµÑ€Ð½Ñ‹Ð¹ Ð¿ÐµÑ€ÐµÐ²Ð¾Ð´ (Ð²Ð´Ñ€ÑƒÐ³ ÐºÐ¾Ð¼Ñƒ Ð½Ð°Ð´Ð¾): -Ð§Ñ‚Ð¾ Ð¼Ñ‹ Ð±ÑƒÐ´ÐµÐ¼ Ð´ÐµÐ»Ð°Ñ‚ÑŒ? -Ð•ÑÐ»Ð¸ Ð¼Ñ‹ Ð¾Ð±ÑŠÐµÐ´Ð¸Ð½Ð¸Ð¼ Ð½Ð°ÑˆÐ¸ ÑÐ¸Ð»Ñ‹, Ñ‚Ð¾ ÑÐ¼Ð¾Ð¶ÐµÐ¼ Ð²ÑÐµ Ð²Ð¼ÐµÑÑ‚Ðµ ÑÐ¿Ñ€Ð°Ð²Ð¸Ñ‚ÑŒÑÑ Ñ ÑÑ‚Ð¸Ð¼. Ð¢Ð¾Ð±Ð¸Ð°Ñ, Ñ‡Ñ‚Ð¾ Ñ‚Ñ‹ Ð´ÐµÐ»Ð°ÐµÑˆÑŒ? -Ð‘Ñ€Ð¾ÑÐ°ÑŽÑÑŒ Ð´ÐµÐ½ÑŒÐ³Ð°Ð¼Ð¸ Ð² Ð¿Ñ€Ð¾Ð±Ð»ÐµÐ¼Ñƒ. -Ð¡Ð»ÑƒÑˆÐ°Ð¹, Ð´ÐµÐ½ÑŒÐ³Ð¸ Ð½Ðµ ÑÐ²Ð»ÑÑŽÑ‚ÑÑ Ñ€ÐµÑˆÐµÐ½Ð¸ÐµÐ¼ Ð´Ð»Ñ Ð»ÑŽÐ±Ð¾Ð¹ Ð¿Ñ€Ð¾Ð±Ð»ÐµÐ¼Ñ‹. -Ð¯Ð²Ð»ÑÑŽÑ‚ÑÑ, ÐµÑÐ»Ð¸ Ñƒ Ñ‚ÐµÐ±Ñ Ð¸Ñ… Ð´Ð¾ÑÑ‚Ð°Ñ‚Ð¾Ñ‡Ð½Ð¾. (ÐŸÑ€Ð¾Ñ…Ð¾Ð´ÑÑ‚ Ð¿Ð¾ Ð·Ð°ÑÑ‹Ð¿Ð°Ð½Ð½Ð¾Ð¼Ñƒ Ð¿Ñ€Ð¾Ð²Ð°Ð»Ñƒ). ]"
[28&&DolbitSurround&&POST=Ð”ÐµÐ½ÑŒÐ³Ð¸ Ð½Ðµ Ñ€ÐµÑˆÐµÐ½Ð¸Ðµ Ð²ÑÐµÑ… Ð¿Ñ€Ð¾Ð±Ð»ÐµÐ¼.],[1&&RECabu&& Ð—Ð°Ð¿Ð¸ÑÐ°Ð» Ð½Ð° Ð²Ð¸Ð´ÐµÐ¾ÐºÐ°ÑÑÐµÑ‚Ñƒ Ð§ÐµÐ»ÑŽÑÑ‚Ð¸ Info | GitHub ]
[77&&folder52&&POST=Ð”Ð»Ð¸Ð½Ð½Ð°Ñ Ð¿Ð¾Ð´Ð²Ð¾Ð´ÐºÐ° Ðº Ð¿Ð¾ÑÐ»ÐµÐ´Ð½ÐµÐ¹ Ñ„Ñ€Ð°Ð·Ðµ ] Ð¢Ñ€Ð°Ð´Ð¸Ñ†Ð¸Ð¾Ð½Ð½Ñ‹Ðµ Ñ†ÐµÐ½Ð½Ð¾ÑÑ‚Ð¸ - Ð½ÑƒÐ¶Ð½Ð¾ Ð¶Ðµ Ñ…Ð¾Ñ‚ÑŒ Ñ‡Ñ‚Ð¾-Ñ‚Ð¾ Ð¾Ñ‚ÑÑƒÐ´Ð¸Ñ‚ÑŒ Ñƒ Ð¼ÑƒÐ¶Ð°,[23&&Kalter10&& ÑÑ‚Ð¾ Ð¶Ðµ ÑÐ¿ÐµÑ† Ð²Ñ‹Ð±Ð¾Ñ€ÐºÐ°? ]
[77&&folder52&&POST=Ð”Ð»Ð¸Ð½Ð½Ð°Ñ Ð¿Ð¾Ð´Ð²Ð¾Ð´ÐºÐ° Ðº Ð¿Ð¾ÑÐ»ÐµÐ´Ð½ÐµÐ¹ Ñ„Ñ€Ð°Ð·Ðµ ] Ð¢Ñ€Ð°Ð´Ð¸Ñ†Ð¸Ð¾Ð½Ð½Ñ‹Ðµ Ñ†ÐµÐ½Ð½Ð¾ÑÑ‚Ð¸ - Ð½ÑƒÐ¶Ð½Ð¾ Ð¶Ðµ Ñ…Ð¾Ñ‚ÑŒ Ñ‡Ñ‚Ð¾-Ñ‚Ð¾ Ð¾Ñ‚ÑÑƒÐ´Ð¸Ñ‚ÑŒ Ñƒ Ð¼ÑƒÐ¶Ð°,"[40&&CTAKAHbI4&& Ð•ÐœÐÐ˜ÐŸ Ð² Ð Ð¤ Ð±Ñ€Ð°Ñ‡Ð½Ñ‹Ð¹ Ð´Ð¾Ð³Ð¾Ð²Ð¾Ñ€ Ð²Ð¾Ð¾Ð±Ñ‰Ðµ Ð½Ðµ Ñ€Ð°Ð±Ð¾Ñ‚Ð°ÐµÑ‚, Ð¸Ð¼ Ð¼Ð¾Ð¶Ð½Ð¾ Ð¿Ñ€Ð¾ÑÑ‚Ð¾ Ð¶Ð¾Ð¿Ñƒ Ð²Ñ‹Ñ‚ÐµÑ€ÐµÑ‚ÑŒ. ]"
[77&&folder52&&POST=Ð”Ð»Ð¸Ð½Ð½Ð°Ñ Ð¿Ð¾Ð´Ð²Ð¾Ð´ÐºÐ° Ðº Ð¿Ð¾ÑÐ»ÐµÐ´Ð½ÐµÐ¹ Ñ„Ñ€Ð°Ð·Ðµ ] Ð¢Ñ€Ð°Ð´Ð¸Ñ†Ð¸Ð¾Ð½Ð½Ñ‹Ðµ Ñ†ÐµÐ½Ð½Ð¾ÑÑ‚Ð¸ - Ð½ÑƒÐ¶Ð½Ð¾ Ð¶Ðµ Ñ…Ð¾Ñ‚ÑŒ Ñ‡Ñ‚Ð¾-Ñ‚Ð¾ Ð¾Ñ‚ÑÑƒÐ´Ð¸Ñ‚ÑŒ Ñƒ Ð¼ÑƒÐ¶Ð°,"[18&&zloemo1oko&& Ñ Ð½ÐµÐºÐ¾Ñ‚Ð¾Ñ€Ñ‹Ñ… Ð¾Ñ‚Ð²ÐµÑ‡Ð°ÑŽÑ‰Ð¸Ñ… ÑƒÐ¶Ðµ Ð² 3 Ñ€Ð°Ð· Ð²Ð¸Ð¶Ñƒ Ð¿Ð¾Ð´ Ñ€Ð°Ð·Ð½Ñ‹Ð¼Ð¸ Ð²Ð¾Ð¿Ñ€Ð¾ÑÐ°Ð¼Ð¸, Ð¾Ñ…ÑƒÐµÐ½Ð½Ñ‹Ðµ Ð¼Ð¾Ð½Ñ‚Ð°Ð¶ÐµÑ€Ñ‹ ]"
[77&&folder52&&POST=Ð”Ð»Ð¸Ð½Ð½Ð°Ñ Ð¿Ð¾Ð´Ð²Ð¾Ð´ÐºÐ° Ðº Ð¿Ð¾ÑÐ»ÐµÐ´Ð½ÐµÐ¹ Ñ„Ñ€Ð°Ð·Ðµ ] Ð¢Ñ€Ð°Ð´Ð¸Ñ†Ð¸Ð¾Ð½Ð½Ñ‹Ðµ Ñ†ÐµÐ½Ð½Ð¾ÑÑ‚Ð¸ - Ð½ÑƒÐ¶Ð½Ð¾ Ð¶Ðµ Ñ…Ð¾Ñ‚ÑŒ Ñ‡Ñ‚Ð¾-Ñ‚Ð¾ Ð¾Ñ‚ÑÑƒÐ´Ð¸Ñ‚ÑŒ Ñƒ Ð¼ÑƒÐ¶Ð°,"[12&&TotusVerte&& Ð˜ Ð²ÑÐµ ÑÑ‚Ð¾ Ð²ÐµÐ´ÐµÑ‚ Ðº Ñ‚Ð¾Ð¼Ñƒ, Ñ‡Ñ‚Ð¾ Ð¼ÑƒÐ¶Ñ‡Ð¸Ð½Ñ‹ Ð¿Ñ€Ð¾ÑÑ‚Ð¾ Ð½Ðµ Ñ…Ð¾Ñ‚ÑÑ‚ Ð¶ÐµÐ½Ð¸Ñ‚ÑŒÑÑ. Ð•ÑÐ»Ð¸ Ð¶ÐµÐ½Ð¸Ñ‚ÑŒÐ±Ñƒ Ð½Ðµ ÑÐ´ÐµÐ»Ð°ÑŽÑ‚ Ð¿Ñ€Ð¸Ð½ÑƒÐ´Ð¸Ñ‚ÐµÐ»ÑŒÐ½Ð¾Ð¹, Ñ‚Ð¾ Ð² Ñ†ÐµÐ»Ð¾Ð¼ Ð¼Ð¾Ð¶Ð½Ð¾ Ð¿Ð¾Ð¿Ñ€Ð¾Ñ‰Ð°Ñ‚ÑŒÑÑ Ñ ÑÑ‚Ð¸Ð¼ Ñ‚ÐµÑ€Ð¼Ð¸Ð½Ð¾Ð¼. Ð—Ð° Ñ‡Ñ‚Ð¾ Ð±Ð¾Ñ€Ð¾Ð»Ð¸ÑÑŒ, Ð½Ð° Ñ‚Ð¾ Ð¸ Ð½Ð°Ð¿Ð¾Ñ€Ð¾Ð»Ð¸ÑÑŒ. Ð’Ð¾Ñ‚ Ñ‚ÑƒÑ‚ Ð³Ñ€Ð°Ñ„Ð¸ÐºÐ¸ Ð±Ñ€Ð°ÐºÐ¾Ð²\Ñ€Ð°Ð·Ð²Ð¾Ð´Ð¾Ð² Ð² ÑÑˆÐ° ]"
[77&&folder52&&POST=Ð”Ð»Ð¸Ð½Ð½Ð°Ñ Ð¿Ð¾Ð´Ð²Ð¾Ð´ÐºÐ° Ðº Ð¿Ð¾ÑÐ»ÐµÐ´Ð½ÐµÐ¹ Ñ„Ñ€Ð°Ð·Ðµ ] Ð¢Ñ€Ð°Ð´Ð¸Ñ†Ð¸Ð¾Ð½Ð½Ñ‹Ðµ Ñ†ÐµÐ½Ð½Ð¾ÑÑ‚Ð¸ - Ð½ÑƒÐ¶Ð½Ð¾ Ð¶Ðµ Ñ…Ð¾Ñ‚ÑŒ Ñ‡Ñ‚Ð¾-Ñ‚Ð¾ Ð¾Ñ‚ÑÑƒÐ´Ð¸Ñ‚ÑŒ Ñƒ Ð¼ÑƒÐ¶Ð°,[6&&Historical-Heat-9795&& HALF. ]
ÑÑ‚Ð¾ Ð¶Ðµ ÑÐ¿ÐµÑ† Ð²Ñ‹Ð±Ð¾Ñ€ÐºÐ°?,[38&&pathalogian&& Ð‘Ð¾Ð»ÑŒÑˆÐ¸Ð½ÑÑ‚Ð²Ð¾ ÑÑ‚Ð¸Ñ… Ñ€Ð¾Ð»Ð¸ÐºÐ¾Ð² Ð´ÐµÐ»Ð°ÐµÑ‚ÑÑ Ð²Ñ‹Ð±Ð¾Ñ€ÐºÐ¾Ð¹ ]
"Ð•ÐœÐÐ˜ÐŸ Ð² Ð Ð¤ Ð±Ñ€Ð°Ñ‡Ð½Ñ‹Ð¹ Ð´Ð¾Ð³Ð¾Ð²Ð¾Ñ€ Ð²Ð¾Ð¾Ð±Ñ‰Ðµ Ð½Ðµ Ñ€Ð°Ð±Ð¾Ñ‚Ð°ÐµÑ‚, Ð¸Ð¼ Ð¼Ð¾Ð¶Ð½Ð¾ Ð¿Ñ€Ð¾ÑÑ‚Ð¾ Ð¶Ð¾Ð¿Ñƒ Ð²Ñ‹Ñ‚ÐµÑ€ÐµÑ‚ÑŒ.","[22&&pathalogian&& Ð¢Ð¾Ð¶Ðµ Ñ…Ð¾Ñ‚ÐµÐ» Ð¾Ñ‚Ð¼ÐµÑ‚Ð¸Ñ‚ÑŒ Ñ‡Ñ‚Ð¾ Ð²Ð¸Ð´ÐµÐ¾ Ñ€Ð°Ð²Ð½Ð¾Ñ†ÐµÐ½Ð½Ð¾ Ð¾Ð¿Ñ€Ð¾ÑÑƒ:""ÐšÐ°Ðº Ð²Ñ‹ Ð¾Ñ‚Ð½ÐµÑÑ‘Ñ‚ÐµÑÑŒ Ðº Ð¸Ð´ÐµÐµ Ð·Ð°Ð²ÐµÑÑ‚Ð¸ Ð´Ñ€Ð°ÐºÐ¾Ð½Ð°? "" ]"
"Ð•ÐœÐÐ˜ÐŸ Ð² Ð Ð¤ Ð±Ñ€Ð°Ñ‡Ð½Ñ‹Ð¹ Ð´Ð¾Ð³Ð¾Ð²Ð¾Ñ€ Ð²Ð¾Ð¾Ð±Ñ‰Ðµ Ð½Ðµ Ñ€Ð°Ð±Ð¾Ñ‚Ð°ÐµÑ‚, Ð¸Ð¼ Ð¼Ð¾Ð¶Ð½Ð¾ Ð¿Ñ€Ð¾ÑÑ‚Ð¾ Ð¶Ð¾Ð¿Ñƒ Ð²Ñ‹Ñ‚ÐµÑ€ÐµÑ‚ÑŒ.",[15&&realnightelf&& Ð”Ð°Ð¶Ðµ Ð·Ð°Ð²ÐµÑ‰Ð°Ð½Ð¸ÐµÐ¼ Ð¼Ð¾Ð¶Ð½Ð¾ Ð¶Ð¾Ð¿Ñ‹ Ð²Ñ‹Ñ‚Ð¸Ñ€Ð°Ñ‚ÑŒ Ð¸ ÐºÐ¾Ð½ÑÑ‚Ð¸Ñ‚ÑƒÑ†Ð¸ÐµÐ¹. ]
"Ñ Ð½ÐµÐºÐ¾Ñ‚Ð¾Ñ€Ñ‹Ñ… Ð¾Ñ‚Ð²ÐµÑ‡Ð°ÑŽÑ‰Ð¸Ñ… ÑƒÐ¶Ðµ Ð² 3 Ñ€Ð°Ð· Ð²Ð¸Ð¶Ñƒ Ð¿Ð¾Ð´ Ñ€Ð°Ð·Ð½Ñ‹Ð¼Ð¸ Ð²Ð¾Ð¿Ñ€Ð¾ÑÐ°Ð¼Ð¸, Ð¾Ñ…ÑƒÐµÐ½Ð½Ñ‹Ðµ Ð¼Ð¾Ð½Ñ‚Ð°Ð¶ÐµÑ€Ñ‹","[9&&folder52&& Ñ ÐºÑÑ‚Ð°Ñ‚Ð¸ Ñ‚Ð¾Ð¶Ðµ Ð²Ð¸Ð¶Ñƒ Ð¿Ð¾Ð²Ñ‚Ð¾Ñ€ÑÑŽÑ‰Ð¸ÐµÑÑ Ð»Ð¸Ñ†Ð°, Ð´ÑƒÐ¼Ð°ÑŽ Ñ‡Ñ‚Ð¾ Ñ‚Ð°Ð¼ Ð·Ð°Ð´Ð°Ð²Ð°Ð»Ð¸ ÑÑ€Ð°Ð·Ñƒ Ð¿Ð°Ñ‡ÐºÑƒ Ð²Ð¾Ð¿Ñ€Ð¾ÑÐ¾Ð² ]"
"Ð˜ Ð²ÑÐµ ÑÑ‚Ð¾ Ð²ÐµÐ´ÐµÑ‚ Ðº Ñ‚Ð¾Ð¼Ñƒ, Ñ‡Ñ‚Ð¾ Ð¼ÑƒÐ¶Ñ‡Ð¸Ð½Ñ‹ Ð¿Ñ€Ð¾ÑÑ‚Ð¾ Ð½Ðµ Ñ…Ð¾Ñ‚ÑÑ‚ Ð¶ÐµÐ½Ð¸Ñ‚ÑŒÑÑ. Ð•ÑÐ»Ð¸ Ð¶ÐµÐ½Ð¸Ñ‚ÑŒÐ±Ñƒ Ð½Ðµ ÑÐ´ÐµÐ»Ð°ÑŽÑ‚ Ð¿Ñ€Ð¸Ð½ÑƒÐ´Ð¸Ñ‚ÐµÐ»ÑŒÐ½Ð¾Ð¹, Ñ‚Ð¾ Ð² Ñ†ÐµÐ»Ð¾Ð¼ Ð¼Ð¾Ð¶Ð½Ð¾ Ð¿Ð¾Ð¿Ñ€Ð¾Ñ‰Ð°Ñ‚ÑŒÑÑ Ñ ÑÑ‚Ð¸Ð¼ Ñ‚ÐµÑ€Ð¼Ð¸Ð½Ð¾Ð¼. Ð—Ð° Ñ‡Ñ‚Ð¾ Ð±Ð¾Ñ€Ð¾Ð»Ð¸ÑÑŒ, Ð½Ð° Ñ‚Ð¾ Ð¸ Ð½Ð°Ð¿Ð¾Ñ€Ð¾Ð»Ð¸ÑÑŒ. Ð’Ð¾Ñ‚ Ñ‚ÑƒÑ‚ Ð³Ñ€Ð°Ñ„Ð¸ÐºÐ¸ Ð±Ñ€Ð°ÐºÐ¾Ð²\Ñ€Ð°Ð·Ð²Ð¾Ð´Ð¾Ð² Ð² ÑÑˆÐ°",[12&&TotusVerte&& Ð’Ð¾Ñ‚ ÐµÑ‰Ðµ Ð´Ñ€ÑƒÐ³Ð¸Ðµ ÑÑ‚Ñ€Ð°Ð½Ñ‹. (Ð’ Ð¾Ð´Ð½Ð¾Ð¼ ÑÐ¾Ð¾Ð±Ñ‰ÐµÐ½Ð¸Ð¸ Ð½ÐµÐ»ÑŒÐ·Ñ Ð´Ð²Ðµ ÐºÐ°Ñ€Ñ‚Ð¸Ð½ÐºÐ¸) ]
